tree
version=v4
num_class=1
num_tree_per_iteration=1
label_index=0
max_feature_idx=29
objective=binary sigmoid:1
feature_names=Column_0 Column_1 Column_2 Column_3 Column_4 Column_5 Column_6 Column_7 Column_8 Column_9 Column_10 Column_11 Column_12 Column_13 Column_14 Column_15 Column_16 Column_17 Column_18 Column_19 Column_20 Column_21 Column_22 Column_23 Column_24 Column_25 Column_26 Column_27 Column_28 Column_29
feature_infos=[-1.9980726217141584:1.6405491151001754] [-28.795596284681178:1.2512464310481342] [-44.094198188424308:13.375999254123871] [-31.891741821788141:6.192179383844608] [-4.0139106471162087:11.647472646723347] [-82.448732029925978:25.226402402313358] [-19.650724179232032:55.064589903901279] [-35.171457396042427:97.372972309852898] [-61.449898247623118:16.792269521137989] [-12.242932155012925:14.2108794362025] [-22.635564426985713:21.860100455842314] [-4.7063362447801991:11.793298376470318] [-18.751936960547656:7.8731764998246758] [-5.8257558853110227:7.1696720267532479] [-20.098793866239376:11.011426066630806] [-4.9169358995057593:9.70014380114314] [-16.161192982396173:19.807092917550872] [-29.805974068652439:10.960404301931217] [-11.323304806431624:5.1206769762648019] [-6.0612139715944231:6.8451317481954801] [-70.701121160464098:31.311314785324768] [-47.391294851640396:37.012128045754736] [-12.245975812683549:14.471953577181729] [-71.416256444804887:35.906510589971411] [-4.6857001819496897:7.5742149867089514] [-19.750687659295568:11.64831697875127] [-4.6515241959671885:7.2980743001456698] [-55.726769455094292:78.067895929529911] [-47.196153204344334:103.52912943247284] [-0.35168943948712489:102.11699994312023]
tree_sizes=6690 6930 6993 7018 7007 6998 7029 7037 7054 7067 7073 7128 7093 7086 7094 7120

Tree=0
num_leaves=64
num_cat=0
split_feature=14 4 8 3 3 6 4 12 29 26 13 29 26 14 13 15 15 4 15 11 26 17 29 4 23 13 12 23 1 25 18 17 4 21 18 25 5 6 27 22 12 3 23 14 20 18 15 27 16 13 26 16 14 26 9 11 26 6 16 17 14 21 16
split_gain=3.79389e+07 1.96702e+06 1.13147e+06 872119 541807 476037 450310 400572 381204 321409 312147 285237 408540 296675 489193 538519 282962 278984 274729 261323 260521 228665 225252 217469 200854 193046 165107 163356 150114 139141 134241 123862 71692.1 67226.7 64241.9 61269.2 60956 40360.4 36727.7 34049.4 28092.1 21615.8 90784.4 11881.1 56131.3 10152.2 64518.7 10121.7 62789.8 8589.91 57251.9 5234.02 4911.83 18247.4 77348 3326.88 3127.86 4158.34 3053.85 2445.73 11183.7 61079.5 1641.08
threshold=-1.8578120351942478 1.1408388898211033 -0.097188903982712585 -0.11317393193658261 -2.1127687998541735 -0.063907399247159741 0.32606204604830863 -1.4158186136902799 -0.3211576216469082 0.98394965611988605 0.46870891867610864 0.80068227435802009 -1.0199869162503357 -0.68544625000091031 -0.88546548856361296 0.30602288023968433 0.34627544248369485 0.03712468818787034 2.195449411846905 2.1712704614417206 2.498318916603758 2.5842296872519417 1.0523155059111573 1.4273629423249505 -0.18404920130889504 -1.8475522081894173 -0.21923618481598656 -0.14127634589971538 0.26545205550413248 -0.28037860388302943 0.04385861913193622 0.12770314443068842 -0.53910899830201486 -0.073669639763491029 0.25342013041815675 0.98213379932826328 0.094628605810663263 -0.40581749676629658 -0.40835472700307385 -1.2853768221615003 -0.85677065129734287 0.79254154418560907 -0.1759048610926395 0.29621865255123742 0.8059665056167481 0.70626919452114467 0.32528316496671489 0.2687969421443242 1.9130099744337639 -1.3186100156383753 -1.0346245827138969 0.80438365422531477 -3.779098175493993 -0.60201516128005161 0.89906564143006107 2.6630544172652688 -0.23499292815777154 0.67383047523271278 -0.67190422618503898 0.99457734249678098 -3.779098175493993 4.9398773241291352 -0.33747901486467141
decision_type=2 2 2 2 2 2 2 2 2 2 2 2 2 2 2 2 2 2 2 2 2 2 2 2 2 2 2 2 2 2 2 2 2 2 2 2 2 2 2 2 2 2 2 2 2 2 2 2 2 2 2 2 2 2 2 2 2 2 2 2 2 2 2
left_child=3 4 10 7 6 8 -2 59 31 16 24 13 17 14 15 -6 30 -13 -14 20 -16 -12 23 -18 25 -3 58 33 37 -19 -9 -4 -32 -17 -31 -22 -33 -26 -34 -39 -40 43 -43 62 -45 -35 -47 52 -49 -36 -51 -38 -42 54 -54 -46 -55 -58 -8 -1 -61 -62 -41
right_child=1 2 5 -5 11 -7 26 9 -10 -11 21 12 18 -15 19 27 22 29 -20 -21 35 -23 -24 -25 28 -27 -28 -29 -30 34 32 36 38 45 49 -37 51 39 40 41 47 42 -44 44 55 46 -48 48 -50 50 -52 -53 53 56 -56 -57 57 -59 -60 60 61 -63 -64
leaf_value=22.542284394413411 -6.4084258109605976 21.125156276937958 -6.4084258109605976 -6.4084258109605976 -6.4084258109605976 -6.4084258109605976 22.111371980948665 -6.4084258109605967 -6.4084258109605976 -6.4084258109605976 -6.4084258109605976 -6.4084258109605976 -6.4084258109605976 -6.4084258109605976 -6.4084258109605976 -6.4084258109605976 -6.4084258109605976 -6.4084258109605976 19.383832976208009 18.649436707846359 -6.4084258109605976 21.079892129742557 21.21613325928087 19.746941268800143 -6.4084258109605967 -6.4084258109605976 -6.4084258109605976 -6.4084258109605976 -6.4084258109605976 -6.4084258109605976 -6.4084258109605967 -6.4084258109605976 -6.4084258109605949 22.14790230540239 22.27444845663733 22.307287801480992 18.31596757722447 -6.4084258109605967 -6.4084258109605923 22.288806423295494 22.4948070715607 22.505913914957901 -6.4084258109605976 -6.4084258109605976 18.611941034606481 22.556000528776707 -6.4084258109605976 -6.4084258109605985 22.406258568644216 -6.4084258109605976 22.258056934472165 22.258056934472187 -6.4084258109605958 22.201999382279624 22.111371980948647 22.556000528776707 18.026914574097376 22.406258568644216 19.069430677724032 22.336907570967568 -6.4084258109605976 22.5560005287767 20.944988255992705
leaf_weight=233.30188874900341 3.2488128873519582 1.0483321459032597 0.500614100601524 2.7585563198663285 4.1119406470097584 15.532847162801771 3.0362423399928957 0.46436273469590617 2.6411709445528713 1.4776747245341528 2.706768654286861 1.8160208063200141 13.33187137567438 220.63789669028483 32.93522905302234 0.23477075062692154 2.8396903292741622 0.58865313208661962 1.119108622195198 1.1519074770621944 0.22786572854965825 1.0500584014225749 2.0897592697292566 1.1035723225213585 0.14155295258388179 1.6209539326373548 0.61799947591498483 0.66806088597513724 0.5506755106616773 0.22786572854965914 0.23994951718487456 0.21060317335650314 0.12083788635209813 4.0431443534325808 3.0189797847997397 1.0051757579203693 1.1674437767360357 0.11738537531346338 0.09149154252373648 8.0465848299209011 8.9878891336266076 0.9982707358431071 0.37287119217217035 0.21405568439513389 1.1536337325815114 0.99654448032379128 0.23822326166555285 0.23304449510760483 1.0017232468817383 0.21060317335650292 1.0069020134396851 3.0207060403190553 0.31072599347682128 7.0621241382323205 1.0120807799976317 0.99654448032379139 1.1812538208905234 1.0017232468817383 1.1329186663497237 10.0414000460878 0.22268696199171134 0.9965444803237915 3.1657115039415542
leaf_count=298 1882 31 290 1598 2382 8998 30 269 1530 856 1568 1052 7723 127813 19079 136 1645 341 72 91 132 32 58 63 82 939 358 387 319 132 139 122 70 37 20 6 100 68 53 51 20 2 216 124 92 1 138 135 4 122 7 21 180 57 10 1 108 4 80 54 129 1 105
internal_value=7.80395 -3.35994 6.34738 21.5646 -4.84612 -1.40451 7.95914 21.8465 8.90313 16.3133 14.4103 -5.20395 0.360883 -5.64955 -1.97875 7.61335 17.5236 10.4 -4.41103 -4.77399 -5.56366 1.27474 7.94475 0.911487 17.0884 4.40508 17.7097 16.9418 19.2369 16.4408 20.1858 17.1573 20.7672 19.7715 19.4536 17.0006 19.8393 20.1656 21.0776 20.4153 21.2367 20.6259 14.6429 21.2302 18.0091 20.936 16.9679 21.3583 16.9679 20.8447 17.2993 21.1592 21.6356 20.9048 15.4121 20.4399 21.6907 20.0365 21.2848 22.5075 21.7878 17.2658 21.9094
internal_weight=617.403 340.864 45.2568 276.539 295.607 23.0734 8.03597 273.78 7.54054 29.2179 22.1834 287.571 21.32 266.251 45.6129 10.2927 27.7402 6.86902 14.451 35.3202 34.1683 3.75683 6.03302 3.94326 18.4266 2.66929 4.78716 6.18074 15.7573 5.053 21.7072 4.89937 21.2428 5.51268 4.46435 1.23304 4.39875 15.2066 21.0029 15.0651 20.8821 14.9477 1.37114 13.5765 2.36423 5.27791 1.23477 20.7906 1.23477 4.23648 1.21751 4.18815 19.5558 10.5679 1.32281 2.15018 9.2451 2.18298 4.16916 244.563 11.2606 1.21923 11.2123
internal_count=182463 176712 14691 5751 162021 11061 2350 4153 2063 3671 3630 159671 9469 150202 22389 3081 2815 1674 7795 19308 19217 1600 1766 1708 2030 970 468 699 1060 622 1049 533 780 312 281 138 243 741 641 659 571 591 218 373 217 176 139 518 139 149 129 121 379 359 190 93 169 112 110 482 184 130 156
is_linear=0
shrinkage=1


Tree=1
num_leaves=64
num_cat=0
split_feature=14 12 3 23 4 5 11 14 4 5 15 3 26 11 18 11 3 29 15 26 4 8 23 20 3 24 22 5 29 11 14 29 3 14 7 7 23 8 3 14 12 3 12 0 6 29 17 2 8 5 8 20 29 3 4 12 16 5 9 15 5 29 9
split_gain=24932.1 203966 2.89048e+06 59272.1 16051.1 13423.5 22727 8954.63 21385.1 81962 22143.4 24251.6 83106.7 221925 336252 701357 7411.58 5970.06 23461.1 33433.9 5850.97 15807.7 9829.75 26316.1 56604.5 82896 138544 9179.78 9420.8 4510.86 404680 795056 2.39684e+06 4538.65 4390.44 3357.13 5694.8 12419.9 13578.8 26918.3 40373.4 58393.7 62522.4 8004.16 3827.76 14514.5 30711.4 120730 267926 16056.8 25605.4 3583.49 3331.37 5167.45 17667.3 63096.9 3315.18 39769.1 66309.4 3104.31 154639 78764.9 148748
threshold=-3.779098175493993 -1.5442370683601687 0.34397724562568716 -2.2054687702029776 1.4273629423249505 1.9799951323774541 0.3011979084816932 -1.8578120351942478 1.4273629423249505 -2.4610708040902822 0.29636871862216368 -0.11317393193658261 0.90604904950203657 -0.49508230460926306 2.2884490293039423 -0.41354217666693072 -1.6072555763425973 1.0523155059111573 0.34627544248369485 1.2124932215966338 1.1408388898211033 -1.1135930465246091 -0.17985430267659389 0.89310299723507136 0.77363758790482684 0.11722653333259954 0.51216686636567965 0.15246632334234439 0.036529305055982085 2.1712704614417206 -0.8364908195753783 -0.087871400161046775 -2.0067486154730156 -0.39060369229195085 1.2040563089655507 0.84418291315456784 -0.18404920130889504 -0.1445921152915175 0.75504843006433775 0.28903749669960715 -0.2469069099948675 0.098295309782022958 -0.36686298533207368 -0.6835280754880414 -0.57788250444744638 -0.3211576216469082 0.161477011388269 -0.88952034288132253 -0.069572037417194185 0.28040717498022621 -0.31673201824898239 0.61615796986176652 6.2828486520690232 -2.8679514386199432 0.35849720850167172 1.0000000180025095e-35 2.0859238918784997 -0.46768879708236472 -0.015315923374739401 2.195449411846905 -2.0303429170513394 0.80068227435802009 1.3375176529847457
decision_type=2 2 2 2 2 2 2 2 2 2 2 2 2 2 2 2 2 2 2 2 2 2 2 2 2 2 2 2 2 2 2 2 2 2 2 2 2 2 2 2 2 2 2 2 2 2 2 2 2 2 2 2 2 2 2 2 2 2 2 2 2 2 2
left_child=1 2 -1 -3 -5 6 -6 8 17 -10 16 12 13 -12 15 -15 -11 56 -19 -20 29 22 -22 34 25 27 -27 28 -25 52 31 32 -31 -32 -24 44 -37 38 39 40 41 -38 -43 -42 45 46 -23 48 -48 -49 -51 -41 59 54 -54 -56 -2 58 -58 -9 -61 -62 -63
right_child=7 3 -4 4 5 -7 -8 20 9 10 11 -13 -14 14 -16 -17 -18 18 19 -21 21 35 23 24 -26 26 -28 -29 -30 30 33 -33 -34 -35 -36 36 37 -39 -40 51 43 42 -44 -45 -46 -47 47 49 -50 50 -52 -53 53 -55 55 -57 57 -59 -60 60 61 62 -64
leaf_value=-2163.7660023651142 -0.80167693028837306 -304.49861820242285 -0.050082377543286011 -1.586836015067016 -15.273228149410393 -0.050079877941850121 -127.89824800595055 -0.07302873890322617 -365.3705575112906 -35.570870907850136 -23.731018462036108 -0.050082377543286753 -1.7415742591863717 -0.050082377543257887 -15.273548124915539 -1461.3081543010078 -3.9735409092625908 -1.2519343859638186 -110.4142306612687 -5.5858924927022997 -1.9205418215603645 -0.050082377543288072 -3.6813160396787739 -83.777606591781193 -0.74205856965650441 -60.943427866782422 -385.67157080236046 -10.923979222871852 -21.797829917863822 -0.050082377543273118 -20.982294874883426 -21.79783279962572 -2337.0910307690774 -0.050082377543298445 -23.730572075310928 -0.37629963870968314 -35.87001354670118 -0.65728587276704886 -0.050082377543288016 -0.050082377543287898 -45.72049309023275 -304.51859787845927 -79.212085124349571 -6.1394730895826646 -0.25262996374027852 -0.33887464351092722 -0.050082377543282257 -2.5873276258168518 -466.25247230211357 -0.05008237754328531 -88.345215470445339 -19.27967767506874 -0.050082377543287759 -1.3134409234269042 -139.23486531521573 -0.050082377543286566 -167.50101705516863 -1.4093207385184237 -0.050082377543284963 -487.18326399559987 -0.14197459936695703 -261.81839946265438 -19.751024322647179
leaf_weight=0.0016638033696134693 6.7855732165222777 0.0016423136593619594 0.021348603651858866 0.52057788635225244 0.0098534153773501831 0.013137930372892015 0.0082128657076740996 261.47934457925163 0.0016423935196607778 0.01970676894549106 0.014779821110977975 0.031201805337332189 0.029559698845776694 0.0016422002809122196 0.0032844032165055825 0.00164242034340778 0.31859622443114521 0.1248073681437506 0.013138323913528538 0.01806420341440429 0.48116517783635371 0.19870623399037879 0.3580049086982382 0.013137853926780352 0.072256820619313267 0.0098532933375423681 0.0049271112202173848 0.022990837770611172 0.011495443262263372 0.0032844005618244401 0.026275292002089334 0.011495441742519152 0.0016473821365883268 1.794924907037035 0.02956019702845758 1.3794486461081663 0.027917418227405566 0.57641292000980837 0.14779802528209984 0.10838521854020655 0.016422011273212966 0.0049266177709181855 0.0082110100428645083 0.057477014746625921 18.514167273833724 1.2119438122134627 0.0082110014045611024 0.078825647011048661 0.0049334782162508981 0.016422002809122205 0.016422196099911801 0.031201904447438977 0.083752214326523244 0.3957704526276381 0.011495509500710099 0.027917404775507748 0.0098536325377835965 0.3678530551728193 0.014779802528209984 0.0016422613509589059 1.6323470799485518 0.0082133689638078655 0.027917446761164921
leaf_count=302 4243 12 13 337 11 11 30 159358 15 28 16 19 20 1 3 50 225 80 39 13 313 121 246 31 45 18 43 19 12 2 27 12 79 1093 34 850 37 360 90 66 25 33 18 42 11356 745 5 52 50 10 39 31 51 252 39 17 39 235 9 17 997 49 28
internal_value=-0.243859 -10.6323 -156.487 -4.56741 -3.6747 -38.5064 -66.4722 -0.223674 -1.90023 -12.8446 -11.4674 -34.7595 -56.0328 -131.205 -373.013 -730.728 -5.81414 -1.27041 -10.9468 -49.7255 -0.178666 -0.936409 -7.07625 -11.8266 -30.8681 -65.7504 -169.193 -33.6465 -54.854 -0.111851 -2.58052 -249.636 -780.701 -0.352081 -5.2105 -0.661476 -2.44598 -5.36297 -12.1046 -19.104 -37.0214 -76.7763 -163.702 -14.9353 -0.451586 -2.85054 -12.2595 -31.6971 -175.028 -14.8258 -44.1979 -4.34847 -0.0946459 -4.09683 -13.0408 -40.6459 -1.0601 -5.52798 -67.0322 -0.0867535 -2.23555 -1.75823 -74.7785
internal_weight=297.25 0.576437 0.0230124 0.553424 0.551782 0.0312042 0.0180663 296.673 7.75613 0.422056 0.420413 0.0821103 0.0509085 0.0213488 0.00656902 0.00328462 0.338303 7.33407 0.15601 0.0312025 288.917 23.4112 1.00339 0.522226 0.134661 0.0624045 0.0147804 0.0476241 0.0246333 265.506 1.83763 0.0164272 0.00493178 1.8212 0.387565 22.4078 2.3582 0.978752 0.402339 0.254541 0.114954 0.041055 0.0131376 0.073899 20.0496 1.53546 0.323521 0.124814 0.0131445 0.11167 0.0328442 0.139587 263.668 0.518936 0.123165 0.0394129 7.17806 0.392486 0.0246334 263.149 1.67012 1.66848 0.0361308
internal_count=182463 716 315 401 389 52 41 181747 5035 377 362 109 90 70 54 51 253 4658 132 52 176712 14691 761 448 168 123 61 62 43 162021 1213 93 81 1120 280 13930 1552 702 342 252 155 88 51 67 12378 1022 277 156 55 101 49 97 160808 359 107 56 4526 283 48 160449 1091 1074 77
is_linear=0
shrinkage=0.05


Tree=2
num_leaves=64
num_cat=0
split_feature=12 3 11 16 14 10 11 12 7 9 16 9 17 29 8 7 29 14 29 8 11 14 16 15 11 11 12 29 17 16 22 25 3 7 12 9 27 14 4 15 2 14 3 19 22 12 11 12 17 0 12 15 18 0 8 3 13 10 12 9 4 4 4
split_gain=2.15039e+10 1.27902e+12 6.07907e+12 8.37472e+09 3.8539e+08 4.22775e+10 8.17255e+10 4.75245e+08 2.44606e+08 5.96317e+07 3.91252e+06 2.29113e+08 547008 4.95345e+07 7.8989e+07 604850 5.06375e+07 199261 1.80772e+07 5.19167e+07 124884 3.3502e+06 4.30311e+06 68771 1.74426e+06 1.07445e+07 10415.8 9789.86 8594.97 5914.16 16198.3 30310.8 3881.12 7745.76 3553.88 18351.3 3484.45 2111.25 1994.98 9656.21 11341.1 1943.83 1920.23 3783.86 7987.95 13933.8 2924.6 5148.24 8833.89 7809.77 2807.86 1657.58 1499.08 903.746 2453.88 846.43 1555.68 3680.34 955.432 6926.74 46771.9 117136 231640
threshold=-3.5267913151578854 -1.7016256960600888 1.8007252468144037 -2.326110869270106 -3.779098175493993 -1.7299889085129834 0.73596584586289127 -2.4635721224970539 -1.2748960441056971 -1.546424178089868 -3.2601686969784054 -2.0980100057694409 2.5842296872519417 0.80068227435802009 -0.014501871104163774 -4.018362142454686 -0.35166949708487777 -2.2814922214157849 1.0523155059111573 -0.31024984917816184 2.1712704614417206 -1.0827478402211979 0.45503223409441923 2.195449411846905 -0.89193492094471905 -0.95547922876680891 -2.1115374758344858 -0.35135041864892519 -1.9056523695501599 2.2137726533119091 0.80118230687598901 0.66916461709004271 -1.6595316731902459 1.4177714223717293 0.70287383083019794 0.19704798065282536 -5.2336983174816938 -0.74888900404783121 2.6376292626517666 0.35657640764358084 1.4461083945293922 -1.8578120351942478 -0.12416172436019085 0.34492397434568517 -0.37101406495536882 -0.023598838064759538 0.82672282442880374 -0.1141356895404526 1.4513437173985735 1.0544364587756829 -1.5442370683601687 0.24892379382905691 0.052875818665121969 -1.5390754575089749 0.90020474636375092 -2.1127687998541735 -1.5638384725433767 0.34503021609225687 -0.21923618481598656 -0.84195725835097657 0.35219621605302481 1.5310476990837389 1.331753215701952
decision_type=2 2 2 2 2 2 2 2 2 2 2 2 2 2 2 2 2 2 2 2 2 2 2 2 2 2 2 2 2 2 2 2 2 2 2 2 2 2 2 2 2 2 2 2 2 2 2 2 2 2 2 2 2 2 2 2 2 2 2 2 2 2 2
left_child=1 2 -1 -3 5 6 -2 -7 -5 -9 11 -6 15 38 -15 16 -12 18 26 -20 23 22 -22 28 25 -25 -17 -28 -19 34 31 -31 33 51 -29 -36 -30 -10 53 40 -40 42 43 50 45 -45 -46 48 49 -48 -38 -11 -49 54 -14 56 57 -43 59 -58 -61 62 -62
right_child=4 3 -4 8 10 7 -8 9 37 32 12 -13 13 14 -16 17 -18 20 19 -21 21 -23 -24 24 -26 -27 27 29 36 30 -32 -33 -34 -35 35 -37 41 -39 39 -41 -42 55 -44 44 46 -47 47 52 -50 -51 -52 -53 -54 -55 -56 -57 58 -59 -60 60 61 -63 -64
leaf_value=11393.86801159027 -0.050026604101596886 56491.99230755982 3436142.3178293379 21231.155291428517 6728.8327724558039 13857.213837831541 347582.09751085099 5200.1804611554644 -18.288774293910034 -33.857712792699054 4438.8637582333622 -0.11725017223637156 -1.9429700634100593 5599.9769217057028 -0.050070545076621037 -135.53392914224921 -0.050072187877950675 0.84435404898267952 -0.050018621943444079 6100.8411892532522 -1.0019705197292379 -0.071629300770812421 674.06667661853635 -0.050070302829798387 -0.20293354576399258 1087.865760153144 -127.39511580525721 -1.4407707061421617 0.25743307784526748 -266.50191977466125 -0.050037573755141243 -0.050019662081326105 -0.1580505157284379 -71.425143557008639 -71.91310562201646 -1.78632174538255 -50.335907227094665 -0.13293126783137962 -11.324089773250005 -1.1001695475760529 -88.797738726138277 -25.216396058679504 -0.050036392897042307 -0.050034226615226211 -1.8406731645379111 -94.89505965243616 -180.01828961947177 -0.050034021741597129 -0.05003511009875862 -31.118333544255172 -1.6784253038861419 -0.050016853375800807 -22.300048676773724 -0.78295690717427324 -20.175495873405566 -0.082678877001594611 -0.49827188064171835 -0.95968966575549275 -0.050074966799572074 -0.050075736151216146 -545.91253332374924 -0.050057525687864847 -0.050057097687790077
leaf_weight=0.0075911569683668745 0.0049310032093784475 0.0066414030724382114 0.0015624402903711143 0.0013595243290183126 0.01286885526496917 0.0062489262782036139 0.0025739082196665208 0.0055409900625770217 0.016448529126757871 0.0044347004291053196 0.0065025682633859097 0.74432731755905379 0.10565752155616581 0.010290786235604532 0.016224790251535004 0.0014761900903098582 0.53712981527485126 32.052759537325585 0.013391424713489641 0.0047147769055618785 0.052612307518666253 2.4525394293631444 0.042817892510600912 0.15695551445677625 4.2372729421878192 0.026531777004110579 0.0015705345042639198 1.1504727903201097 89.96420544609731 0.0018765079105685931 0.010395117271400522 0.0024751919409027323 1.0038401558536099 0.0056041945404619034 0.01113228181994963 0.057594234903964203 0.0029829452692875505 0.60344875281938348 0.013304908181929654 0.09528774839371211 0.0073241316031398282 0.021854605232402124 0.59423795524018486 0.0081469447832205333 0.083769028949737478 0.0073804603921496801 0.0019447872404234614 0.017261756170682929 0.003422653884626925 0.0016093550175628746 0.49128314787271954 0.019872898439643905 0.013483136859386846 1.8426225333725075 0.02235977151063695 256.05729580174955 1.3903673016071882 0.054968426039108564 2.396257706796884 0.13835482499823371 0.003389131305953974 0.016872355015948415 0.0045563866151496768
leaf_count=15 13 27 219 4 10 13 47 25 32 19 8 508 114 26 16 8 422 275 59 15 64 1233 24 120 1063 22 10 1640 405 41 21 8 261 39 33 81 9 420 29 59 30 28 873 15 147 25 24 35 5 16 713 63 37 1532 31 169241 324 37 1666 95 49 16 4
internal_value=18.0091 9196.94 595969 642.89 3.24343 958.496 119208 109.701 45.8478 27.0415 0.69655 114.244 0.478447 25.8497 2173.34 0.341716 53.0453 0.268542 20.159 1588.6 0.204578 11.2379 301.89 0.132076 6.33268 157.26 -2.79864 -2.64005 0.0605672 -2.48126 -33.9556 -114.947 -0.686897 -18.435 -2.10056 -13.1454 -0.0109512 -0.614684 -1.44016 -7.81479 -38.8303 -0.103351 -2.08998 -4.01022 -11.3624 -45.1316 -7.04645 -18.607 -57.3829 -112.595 -1.97208 -6.21792 -9.80775 -1.06519 -5.1275 -0.0939901 -0.813285 -7.86023 -0.676223 -1.64202 -11.3878 -74.5931 -232.886
internal_weight=396.654 0.637052 0.0091536 0.627898 396.017 1.05305 0.00750491 1.04554 0.621257 1.03929 394.964 0.757196 394.207 2.11307 0.0265156 392.094 0.543632 391.55 1.2551 0.0181062 390.295 2.54797 0.0954302 387.747 4.42076 0.183487 1.23699 1.23552 383.326 1.23395 0.0147468 0.0043517 1.03375 0.0299118 1.2192 0.0687265 351.274 0.619897 2.08656 0.115917 0.020629 261.309 1.22552 0.631284 0.137018 0.0155274 0.121491 0.0377217 0.0069768 0.00355414 0.494266 0.0243076 0.0307449 1.97064 0.128017 260.084 4.02662 0.076823 3.9498 1.55354 0.163173 0.0248179 0.00794552
internal_count=182463 717 234 483 181746 480 60 420 456 407 181266 518 180748 1837 42 178911 430 178481 1916 74 176565 1321 88 175244 1205 142 1842 1834 174039 1824 70 49 382 121 1754 114 173764 452 1795 118 59 173359 1899 1026 304 40 264 117 45 40 722 82 72 1677 145 171460 2219 65 2154 488 164 69 53
is_linear=0
shrinkage=0.05


Tree=3
num_leaves=64
num_cat=0
split_feature=14 10 28 16 6 29 1 26 17 14 26 3 26 11 1 14 19 9 11 29 2 29 3 27 9 5 20 5 12 25 13 9 19 24 10 18 23 28 17 21 11 21 13 12 21 19 5 17 17 3 9 15 11 10 17 3 12 9 2 11 13 2 5
split_gain=1.12865e+06 1.43669e+07 2.62395e+08 1.38672e+07 9.47818e+07 2.0949e+08 3.41147e+06 4.49843e+07 6.80336e+07 7.69457e+06 8.68674e+06 233943 6.15332e+06 1.45293e+07 5.83627e+06 9.74118e+06 155529 117762 112557 2.16518e+06 4.22363e+06 16859.1 50770.8 81719.5 10400 14199.7 5313.87 3032.46 7457.84 10914.1 10544.2 2680.63 9905.65 18379.1 1793.02 5235.21 1729.98 3978.02 1397.62 1384.35 5371.51 1298.82 6097.39 1146.43 1081.82 1551.02 736.766 681.536 677.094 617.404 1728.67 894.071 3851.69 5984.82 588.584 3042.59 6546.13 1051.89 503.246 659.801 465.518 482.341 441.143
threshold=-1.8578120351942478 -2.0396497268587956 1.0590291125526679 2.4181863608625922 0.17338962829037971 -0.23680126014193356 1.013732673818857 -0.30195297649450703 1.545203202249199 -1.9692902318535637 -0.24432539090566593 -2.2582669593512965 -1.8307345769668009 -0.96876461395118796 1.083402912125101 0.60634237969827265 -0.23389102022204347 -1.0554247836462956 2.1712704614417206 -0.34863825194332787 0.40099237928993736 0.97976504653642971 -1.0670035531974029 -0.23271611124519734 -1.0341548514465631 1.0333898780308852 -1.274471943748702 1.3042997437024553 -1.4158186136902799 -1.0993595201029482 -1.5340604113210519 -1.0148883014643519 -0.51871430059598123 0.77645186549108947 -1.4666618797016542 2.2884490293039423 -0.029710210561760132 0.19564717431219283 0.19526976792971443 0.14628077312307922 1.1175471406672604 -1.8489345712952405 0.58776401456845606 -3.5267913151578854 -3.6234311143330853 0.28309525231563365 0.54604113140172872 -0.015685502299525107 -1.9056523695501599 -1.4814488977447315 -0.78300381018539011 0.34627544248369485 0.34734225957656256 -0.77521416256621867 2.5842296872519417 -1.5633412055576417 -0.90650085137462011 -1.3923536426279908 0.43380024289949343 0.12467762988945305 -2.0422119109887809 0.68515455158447891 1.3042997437024553
decision_type=2 2 2 2 2 2 2 2 2 2 2 2 2 2 2 2 2 2 2 2 2 2 2 2 2 2 2 2 2 2 2 2 2 2 2 2 2 2 2 2 2 2 2 2 2 2 2 2 2 2 2 2 2 2 2 2 2 2 2 2 2 2 2
left_child=1 2 16 6 17 -6 21 8 -8 58 -11 12 13 -2 44 -16 24 -5 26 20 -20 27 23 -23 25 -1 43 34 29 -29 -31 32 33 -30 35 36 -3 -38 -24 -33 -41 42 -36 -13 45 -14 -19 -47 -45 50 -43 52 53 -52 -28 56 -56 -57 -9 -60 61 -50 -21
right_child=11 3 -4 4 5 -7 7 9 -10 10 -12 18 14 -15 15 -17 -18 46 19 62 -22 22 38 -25 -26 -27 54 28 31 30 -32 39 -34 -35 41 -37 37 -39 -40 40 -42 49 -44 48 -46 47 -48 -49 60 -51 51 -53 -54 -55 55 57 -58 -59 59 -61 -62 -63 -64
leaf_value=-0.050017507458128843 1807.4185759231032 -0.89606198880355759 25053.73077739482 -403.73791179818357 27777.169015099484 -103.0328263402553 10025.549262241269 -0.055435359319980587 -75.827340337835082 1500.8346631410632 -0.050026311199073394 -18.517645200619704 -2.3144042564225793 -0.050070639414391264 1354.2107823310046 -0.05006363495664895 -569.59947475013212 -0.050025225839141721 565.27007901052582 -0.19035643849716455 -0.58720119164232387 -550.07862528331009 -0.050024187630795719 -70.245073802716789 -3.7011465869539815 -229.34058078578209 -0.093460619945593862 -6.9181353513030359 -265.59633460314842 -22.90598103558332 -171.55482424758458 -0.85661929975582896 -0.050030200100911693 -0.0500206218523125 -0.050023643050126999 -49.378427819479981 -0.05002203309926289 -62.079235184768997 -30.931863988215742 -2.0164052262098191 -52.37075468869989 -34.862523854390695 -54.125873328232871 0.39701790750371957 -0.23813900038350094 -28.856112042980847 -24.648458258218795 -9.8123651437411219 -9.0288864703155234 -0.4740473012882287 -92.986686494050815 -0.8079455314291949 -1.7547451523988462 -0.050019540939153811 -55.078958119059749 -14.396578206900305 -3.8547698771557544 -0.52523302009958917 -0.05000928531939678 -29.458641728934413 0.19394511800733841 -0.050070385479988357 -5.9149457849514055
leaf_weight=0.0013953082088846705 0.015969483182561965 0.059098594604845747 0.0011041982215829185 0.0021055870456621042 0.001031937004881911 0.0019412415990700529 0.0028790638170903514 0.30293865415346655 0.003958967687114792 0.019231551243137801 0.01933093177664702 0.0081223428788622654 0.066200402578960815 0.036601563356566398 0.021313722827506321 0.035221307189203799 0.0014046190169169073 0.012117837693949585 0.050881351039973474 2.5628293883196442 0.09371585324117139 0.0011817567191694245 0.01491053083842464 0.0035615046257362329 0.013694350846606085 0.0013083835277385436 238.34847996661304 0.0072800622638941256 0.0011297451363691258 0.0021876162617904251 0.0026238334996072444 0.12397855891668885 0.0073843103685737599 0.0015395982918562368 0.02678777260644194 0.0070953020943521758 0.0072061295347801979 0.0040303553907266032 0.0048572230571153332 0.025427407332699659 0.0066895090959455663 0.0043032640796153701 0.0064723911054898045 63.551872327071635 4.9883895847744792 0.0086787321705042737 0.0040652981242601518 0.010243072773912979 0.027843312817039556 2.9863767327496475 0.0032280023722146556 0.12876390996098053 0.029330418646076682 0.0037385122604996551 0.0081775154824023366 0.013940477655241201 0.026283035538088723 0.69666808272466407 0.0043434052924098401 0.0034003623649851988 108.45081277963159 0.032319320234819315 0.034101299253031292
leaf_count=23 14 229 104 33 17 38 12 846 33 7 87 11 70 36 23 29 153 50 36 1252 29 43 51 31 67 17 169862 14 45 6 35 407 37 6 102 39 25 30 28 96 32 31 29 29 2054 20 20 20 25 2360 27 361 119 18 27 34 44 291 25 18 2742 24 40
internal_value=0.502215 27.3963 1402.32 20.6382 1294.02 9573.69 13.5604 160.943 4177.23 82.3068 748.458 0.254159 10.8114 549.004 5.29614 510.507 -64.6471 -51.9946 0.121969 10.2195 198.529 -1.5673 -42.8879 -189.793 -21.394 -111.009 0.0546418 -1.27327 -7.62406 -45.5365 -103.969 -4.86498 -29.8899 -112.437 -0.926728 -8.44465 -4.31531 -22.299 -7.63814 -3.2532 -12.5045 -0.744189 -10.5731 0.266526 -0.333514 -5.92275 -6.2293 -18.547 0.267412 -0.640596 -3.57734 -2.76171 -9.69271 -43.1131 -0.0978468 -1.50098 -16.0103 -0.797356 -0.377172 -12.9636 0.191506 -4.20547 -0.265528
internal_weight=422.954 3.86543 0.0189069 3.84653 0.0212619 0.00297318 3.82527 0.356083 0.00683803 0.349245 0.0385625 419.089 5.18262 0.052571 5.13005 0.056535 0.0178027 0.0182887 413.906 2.74153 0.144597 3.46918 0.024511 0.00474326 0.016398 0.00270369 411.165 3.44467 0.178241 0.0120915 0.00481145 0.166149 0.0100537 0.00266934 3.26643 0.0774304 0.0703351 0.0112365 0.0197678 0.156095 0.0321169 3.189 0.0332602 172.071 5.07351 0.0851222 0.0161831 0.0189218 172.063 3.15574 0.169364 0.165061 0.0362969 0.00696651 239.094 0.745069 0.0344606 0.710609 0.310682 0.00774377 108.511 0.0601626 2.59693
internal_count=182463 5751 364 5387 158 55 5229 1028 45 983 94 176712 2266 50 2216 52 260 103 174446 1357 65 4201 153 74 107 40 173089 4048 678 55 41 623 88 51 3370 323 284 55 79 535 128 3047 131 2831 2164 110 70 40 2820 2916 556 525 164 45 170258 396 71 325 889 43 2791 49 1292
is_linear=0
shrinkage=0.05


Tree=4
num_leaves=64
num_cat=0
split_feature=14 10 29 28 15 3 29 9 3 11 29 10 11 13 11 11 16 29 10 17 26 14 3 14 3 3 5 4 17 5 16 23 9 4 26 3 23 26 29 12 4 24 7 4 20 6 28 12 4 13 23 7 1 28 10 3 1 5 26 14 9 4 12
split_gain=618754 9.32479e+06 4.20563e+08 8.46886e+08 3.44902e+06 5.94862e+07 1.17909e+08 1.00868e+06 949312 131829 5.59344e+06 10964.5 39820.4 10145.7 52231.4 88634.2 9101.53 16689.7 4388.58 3864.25 4054.93 10333 3332.79 6055.1 15502.5 4932.31 3127.96 32798.1 43424.2 2921.65 6888.67 19708.3 2481.86 2438.72 2023.14 1807.4 45675.4 1239.78 1025.63 789.529 1622.62 916.367 750.501 972.154 1282.97 3187.29 6738 1300.66 703.849 1484.82 7419.55 1528.27 669.571 639.958 973.672 613.345 11096.9 19919.1 1831.99 3276.39 563.98 4527.99 8467.22
threshold=-1.8578120351942478 -1.2871595002463216 0.37590910649609072 -1.0000000180025095e-35 -1.8280808047603949 0.13864807709445109 -0.21893286772858667 -1.2930853422824986 -0.79418910509809659 2.1712704614417206 -0.34863825194332787 -1.854814981198968 0.80028582087393962 0.84955925894052442 1.5497227874447896 2.0300353667247912 2.2137726533119091 -0.15264432265942926 1.7068753551485758 -0.37080360759368319 -1.642224506215898 -0.29270437697002583 -0.11317393193658261 -1.9692902318535637 -0.78032758434444549 -0.40607769572723584 1.5087395211886274 1.4273629423249505 -1.2033658969917582 -0.45046136189238034 2.0859238918784997 0.090714949011382315 -0.27717802458116481 2.9206063674587992 -2.179174350927243 -1.9027060334496173 -0.37812622749715713 -1.0199869162503357 0.043190067406493102 0.60752921388898196 0.16853958848188141 1.1376991244985826 1.030026219207598 1.7206785769938531 0.018140543862342512 1.0189846327539496 0.70936335005471085 -1.0890705074795204 1.1408388898211033 -1.8475522081894173 -0.89410704393681339 0.63660093485698177 -3.1230289573452388 0.43842053446169948 0.14451308974475616 -2.1127687998541735 1.083402912125101 1.8932266562309836 -1.4732264600741629 0.83776180339998707 -1.0973440038018383 0.45992621153571872 0.36034761360645134
decision_type=2 2 2 2 2 2 2 2 2 2 2 2 2 2 2 2 2 2 2 2 2 2 2 2 2 2 2 2 2 2 2 2 2 2 2 2 2 2 2 2 2 2 2 2 2 2 2 2 2 2 2 2 2 2 2 2 2 2 2 2 2 2 2
left_child=1 2 7 -4 5 6 -3 8 -1 18 -11 12 -9 26 16 -16 22 -18 48 20 -12 -22 23 25 -25 33 29 34 -29 30 32 -32 -6 37 -28 36 -31 -15 -13 41 -41 -34 43 -20 45 47 -47 -45 55 50 -50 53 -38 -52 -55 56 58 -58 59 -2 61 -60 -63
right_child=9 4 3 -5 13 -7 -8 11 -10 10 19 38 -14 14 15 -17 17 -19 42 -21 21 -23 -24 24 -26 -27 27 28 -30 35 31 -33 39 -35 -36 -37 52 -39 -40 40 -42 -43 -44 44 -46 46 -48 -49 49 -51 51 -53 -54 54 -56 -57 57 -59 60 -61 -62 62 -64
leaf_value=-2208.5643921373294 -0.05006171821006429 15777.79553194148 -177.05371736739073 55846.271326217036 -41.363747690838522 -0.050024647656561276 -0.050019879472860129 -0.049663802331272953 -49.207766272981836 508.38206025852435 -0.050651151698160007 -1.5409088947078597 -262.8295852709918 -37.056295304669909 -0.050015473025573132 -528.59539430151744 -200.70330411959415 -0.050045262953222251 -0.12556219413848391 -0.21727445421428745 -91.871267482164725 -0.05005867761519045 -0.050020609245679117 -244.34040589004286 -0.05000887696970864 -81.852272880196949 -55.68058312712472 -0.050029438474669369 -441.46777236985128 -264.49781344077445 -0.050025148154435498 -238.3203304350651 -0.050017501497762587 -52.926923387846983 -1.3814458701267842 -0.32918802968424332 -34.534503871597934 -1.7060055236103366 -29.463448285058412 -0.050015108036402293 -45.846186345427967 -24.854397706654755 0.22401684960642076 -17.687064102887913 -0.45960448772564561 -57.496467834375181 -4.9513419022484406 -2.0211856873403748 -26.216234758410277 -0.33213211691137379 -0.1796552773688119 -14.943202267340462 -0.050008741353385761 -14.459663178787148 -0.050054051137543881 -0.072058122709125302 -74.950477628573083 -1.8489126281152892 -0.23214946239258183 -29.045221310347671 -0.073093672984926278 -56.650808630237115 -2.3086302818550002
leaf_weight=0.0010187844018219039 0.026173882826697858 0.0018167462225449071 0.0019773487128987403 0.0010238575980565682 0.0048410056297143516 0.088437306374090141 0.0034004225908576538 0.0059492729748171769 0.0010171335597988209 0.055394275428150119 0.012698150541906147 0.1006105282452701 0.0019027350135729648 0.002702243953535805 0.0019775790133280636 0.0013243895720434946 0.0017443023137269074 0.0025532628825243602 2.649222462829929 2.1364366922740978 0.005445364845254365 0.0070059624468422751 0.063287640396993194 0.001023371111308844 0.0017772757200873539 0.0024449189816757649 0.0017975734232891219 0.0012286198489164235 0.0010194424664469242 0.0017016590463754247 0.0027931022668781216 0.0012590741716849152 0.048733472126243654 0.0028367731874823212 0.037553491108742391 3.3399616306295656 0.0014499269382213234 0.030193460815098792 0.0033998073881544846 0.0047235518086381698 0.0032753824633320328 0.0040315459700650527 199.2758920952686 0.014174757084731981 0.36625484949594878 0.0087037629832507069 0.020402819718384535 0.20293116309194709 0.032484573604773193 17.802470818846214 0.38600578119139317 0.020143485498764324 0.048254739138453906 0.020750044032611825 0.026948486090986989 202.90847169323035 0.014018612739180258 0.027795540518127382 0.27457243264062348 0.015519834065344185 2.8426393280492772 0.01060056616270999 0.02213783650443446
leaf_count=203 31 34 51 77 27 222 19 112 8 67 3 728 83 25 30 56 28 24 2059 1258 36 10 211 25 20 33 10 5 43 34 48 18 249 16 321 2311 24 213 23 30 22 23 617 18 367 38 29 190 36 13232 347 27 345 19 26 156437 38 24 357 23 1348 40 35
internal_value=0.284539 20.3055 459.992 18935.2 6.44432 306.015 5494.18 -26.8283 -1129.76 0.106106 12.2671 -6.75466 -63.7277 -1.31781 -16.1408 -212.045 -10.1824 -81.4915 0.0429614 -0.446644 -19.9315 -40.2064 -7.24318 -18.3525 -89.315 -13.1468 -0.844399 -14.4734 -200.222 -0.680587 -10.817 -74.0843 -6.90925 -8.44573 -3.86185 -0.472389 -9.77644 -4.60988 -2.45362 -4.1643 -18.8025 -1.94521 0.211703 -0.54061 -2.3359 -5.12699 -20.6639 -3.044 -0.10932 -0.406595 -3.13236 -1.48011 -1.05595 -0.854812 -6.31859 -0.0829455 -0.766158 -26.3569 -0.43089 -10.8431 -0.293071 -2.32787 -19.9044
internal_weight=433.01 3.82504 0.116899 0.00300121 3.70814 0.0936545 0.00521717 0.113898 0.00203592 429.185 2.21698 0.111862 0.00785201 3.61449 0.111865 0.00330197 0.108563 0.00429757 426.968 2.16159 0.0251495 0.0124513 0.104266 0.040978 0.00280065 0.0381774 3.50262 0.0415991 0.00224806 3.46103 0.0696571 0.00405218 0.065605 0.0357325 0.0393511 3.39137 0.0514063 0.0328957 0.10401 0.060764 0.00799893 0.052765 202.538 3.26169 0.612467 0.246213 0.0291066 0.217106 224.431 18.2888 0.486332 0.453848 0.0497047 0.433704 0.0476985 206.142 3.23346 0.0418142 3.19164 0.0416937 3.14995 0.307311 0.0327384
internal_count=182463 5751 1285 128 4466 275 53 1157 211 176712 1374 946 195 4191 681 86 595 52 175338 1307 49 46 543 332 45 287 3510 379 48 3131 417 66 351 254 331 2714 403 238 751 324 52 272 3318 2701 642 275 67 208 172020 13687 455 419 369 392 45 158333 1896 62 1834 54 1780 432 75
is_linear=0
shrinkage=0.05


Tree=5
num_leaves=64
num_cat=0
split_feature=14 10 16 0 24 7 4 18 14 22 15 19 2 22 13 26 10 0 3 19 17 15 1 11 11 29 23 8 16 19 6 8 7 1 29 4 4 12 29 21 13 15 17 14 22 12 1 10 10 29 18 5 12 23 3 21 12 22 29 25 14 17 16
split_gain=1.17744e+07 2.75842e+08 9.73512e+08 8.24474e+07 2.42265e+08 6.01663e+07 8.7358e+07 2.94826e+07 1.35927e+06 4.89486e+07 1.08089e+08 4.91512e+07 6.20671e+07 354889 1.23476e+07 1.96005e+07 383716 9.02678e+06 2.63823e+07 315898 1.986e+06 781773 496964 248190 184209 1.2351e+07 6.49623e+07 9.16315e+07 179021 648727 177855 360348 104772 311832 85055 357355 491591 474110 203544 62160.3 357924 59328.8 190756 52501.6 311452 39908.9 32792.7 30125.3 26469.5 388468 24631.7 17672.9 30460.4 8813.07 40901.2 120059 8019.69 5812.08 67459 5614.61 5198.81 4806.79 3313.04
threshold=-2.2814922214157849 -1.854814981198968 0.6230773639245325 -1.4521382738405297 -0.15945581225085884 -0.55037849318053833 2.2099871724741109 -2.486838296338989 -1.8578120351942478 -1.5184615986237577 -0.15622782718346861 -1.9312114674562275 0.40979457220152121 2.458579390184465 -1.9696159132442645 -0.31921893244332794 -2.4594997567716557 1.1613259208808124 -0.89217470868251814 -1.8667286086372765 2.9439827548436006 -1.593329870890914 0.090714296701315478 0.020756570399873501 2.1712704614417206 -0.34776078624445816 -0.010252623798697968 -0.034889185150338918 2.0859238918784997 -0.24110159459628686 -1.7172716456537056 -2.1086248652168913 2.4206483485040367 -0.38832294119766264 -0.34528792836582534 0.62930643212737403 0.64286230770115382 1.2348712821599752 -0.34568677641076612 1.1244411436756963 -1.8475522081894173 -1.292404641378279 1.4513437173985735 -1.4384369920646771 -1.3793636031711367 -0.32569280470686485 0.11281229479927697 -0.34452112540673724 -1.2871595002463216 -0.29224113838870175 0.78597555986247369 1.5087395211886274 -0.90650085137462011 0.33786726524499294 -0.16632777007851232 -0.1363359681002336 -0.26484646107751342 -0.53633028623546231 0.0072538585573289115 -0.89400449053029829 -2.4847079616994612 -1.0283378535113072 -2.8553537801530413
decision_type=2 2 2 2 2 2 2 2 2 2 2 2 2 2 2 2 2 2 2 2 2 2 2 2 2 2 2 2 2 2 2 2 2 2 2 2 2 2 2 2 2 2 2 2 2 2 2 2 2 2 2 2 2 2 2 2 2 2 2 2 2 2 2
left_child=1 2 -1 4 -3 6 7 -5 9 10 -2 12 -11 16 15 -15 17 62 -19 20 21 22 -18 -4 30 26 27 -26 41 -30 31 -21 34 -34 35 -32 61 -38 -39 43 -41 42 60 44 -36 -6 -24 50 49 -43 -9 57 -53 -13 55 59 -54 58 -50 -55 -7 -37 -10
right_child=8 3 23 5 45 28 -8 47 13 11 -12 53 -14 14 -16 -17 19 18 -20 24 -22 -23 46 -25 25 -27 -28 -29 29 -31 32 -33 33 -35 39 36 37 38 -40 40 -42 48 -44 -45 -46 -47 -48 -49 51 -51 -52 52 56 54 -56 -57 -58 -59 -60 -61 -62 -63 -64
leaf_value=56030.958201840265 13696.318185304895 28482.51284869916 -89.989656486808826 4051.053581605951 -393.9384699118927 -0.05000822508688571 11471.384587300812 -399.70437950339613 -83.935795527620144 -13.51428798980862 -0.050088997015653496 -2.7670211523939572 9676.2884866373315 2804.7028319438505 -0.72697821441688937 -3.2282892690291352 -1.140370635006537 3101.9705083466961 -0.050058782409211883 47.751919878315846 190.40072779038468 -0.2672062971320367 73.548483513129767 -1033.1219265161494 -284.00843436352108 -0.39593498461870524 -17.255185343177782 14771.65962839806 -1440.43421747972 -33.993890797096967 -0.10327543922609245 -0.22996085497582289 -0.25763800482372284 37.166772018989739 31.779970755608652 41.747996022753107 -0.47600586285695173 -0.050057149976996652 64.049079290394246 36.847044975966234 -0.20219581396339095 -0.050002209419317302 -788.47903736005401 0.012520312615556745 -0.13194356710458599 -0.050008145914721504 54.452742040770914 -10.687605840814399 -4.716205886362502 -995.50151358939775 -49.611359244225284 -330.37467781679334 -0.050001960855999034 -0.050097698747157852 -0.050019871514046244 -500.03810919617757 -137.38028813830195 -0.73012279544770775 -307.45693150286542 -99.951608155843942 -118.79375876849777 36.053061161416629 -0.51614172030212668
leaf_weight=0.0010008508184000666 0.0021074448195577133 0.0010081375176014262 0.0022237133716771496 0.0071250558830797646 0.0010155159050452243 0.0034101198837106772 0.0025074754375964394 0.0010008648096665714 0.0011920977872315044 0.0037135315142222671 0.0045516604571306232 0.7880531111625475 0.0029778144080410129 0.010273396547290922 0.81421286241442092 0.01573201363407856 0.45825605588395257 0.0093050125261738628 0.026024704449810108 0.60383158980607143 0.15110891506891988 6.174439346063453 0.39218643307685852 0.0010163840788663947 0.0021129857050254932 1.4588314477220303 0.020342761786837804 0.0019371041562408209 0.0010066712682146334 0.0044190610096899148 19.73123115266425 1.1117227906909239 1.9890969884116678 0.77288520310590625 0.90414019295381631 0.69056654954329133 4.0732312040683336 0.17083453346566813 0.45030790491728112 0.77961022529858759 3.9790374720314023 0.013833108562219327 0.0010146759143984524 289.9046589842477 4.9534890944988357 0.0017534542994325246 0.52684173332655537 0.0094006168642452922 0.032146231717522206 0.0010547977335628568 0.0010088480121273058 0.0010595635899714262 0.0039367987455989351 0.0047277607015129078 0.030209138199125692 0.0017000404532881526 0.0014563426220827926 0.51503408813527474 0.0019518102536019979 0.0020019698878561741 0.0012632243319928146 0.79949706455227143 0.75836781881848747
leaf_count=280 27 33 39 2 29 50 12 30 4 23 25 1787 18 18 644 26 492 20 23 30 55 5305 1 69 28 1166 41 16 117 46 16573 1060 939 73 78 3 3756 175 9 82 3358 455 73 138760 3334 22 114 132 334 91 27 83 142 32 104 49 51 1408 52 53 23 96 313
internal_value=1.6202 220.98 12928.4 132.11 7496.25 85.9538 2712.45 1527.53 1.22919 64.7533 4334.52 30.636 4298.69 1.07303 33.5283 1106.04 0.993038 35.6919 816.949 0.91194 10.9222 7.33081 41.3931 -385.84 0.679967 18.2612 1134.07 6916.92 -9.07752 -294.94 0.601164 16.6584 0.517485 10.2148 0.435436 3.18382 13.6712 5.72907 46.4197 0.198427 5.86759 -6.38554 -167.068 0.107213 4.79374 -144.508 62.6017 -48.2519 -4.78342 -70.577 -223.963 -3.02036 -85.2856 -3.91015 -27.2247 -124.609 -37.1341 -2.05368 -22.0454 -29.7689 -32.1469 38.6924 -0.647065
internal_weight=343.186 0.610647 0.00424095 0.606406 0.00377711 0.602629 0.0210429 0.0185354 342.575 0.840042 0.00665911 0.833383 0.00669135 341.735 0.840218 0.0260054 340.895 0.79489 0.0353297 340.1 7.70283 7.55172 1.37728 0.0032401 332.397 1.48322 0.0243929 0.00405009 0.581586 0.00542573 330.914 1.71555 329.199 2.76198 326.437 25.9157 6.18444 4.69437 0.621142 300.521 4.75865 0.576161 0.00568802 295.762 5.85763 0.00276897 0.919028 0.0114103 0.570473 0.0148879 0.00200971 0.555585 0.0064527 0.826692 0.0386389 0.00842977 0.00539314 0.549132 0.034098 0.00672973 0.00467334 1.49006 0.75956
internal_count=182310 3600 388 3212 84 3128 203 191 178710 2118 52 2066 41 176592 688 44 175904 360 43 175544 5967 5912 607 108 169577 1251 85 44 2925 163 168326 1090 167236 1012 166224 20612 4039 3940 184 145612 3440 2762 146 142172 3412 51 115 189 2616 546 57 2070 276 2025 238 134 193 1794 386 85 73 99 317
is_linear=0
shrinkage=0.05


Tree=6
num_leaves=64
num_cat=0
split_feature=14 22 14 22 5 10 12 10 10 0 2 0 4 14 10 5 22 19 2 13 3 14 1 10 23 21 13 9 19 15 1 1 2 3 27 18 17 0 20 2 27 12 15 21 13 3 29 6 10 3 17 29 12 5 18 29 11 17 13 0 4 4 4
split_gain=2.22762e+07 1.00795e+09 1.51656e+06 1.45771e+08 1.72713e+08 232462 311240 225925 709180 66600.7 88374.2 53040.9 196016 51015.8 1.01075e+06 441908 395439 167132 199210 60717.1 548576 17971.8 89838.5 11267.1 9026.79 14070.1 29560.1 9018.48 8538.45 55050 1.20951e+06 6.68125e+06 36693.4 65930.5 100938 6466.05 6122.71 5053.04 4326.91 43375.5 4253.37 3844.4 3739.8 2619.12 118340 223139 907734 2.88887e+06 2838.31 10875.7 26632.7 23107.9 2333.2 3132.98 2077.57 1816.88 14481.6 22156.4 33923.5 4544.94 3184.95 36188.1 51970.9
threshold=-3.779098175493993 -0.44770287872025877 -2.7471179092286482 -0.73968616733281933 0.86791141723568588 -0.24182911435684565 -0.43376213137157388 -1.4092162095185674 -1.538252722779865 -0.90170808275188064 1.3500375217184255 0.71371050495534183 0.61438357089173656 -1.8578120351942478 -1.2871595002463216 1.0333898780308852 -1.5664509079877991 -1.4887853621452065 0.14704552579133898 0.68885356283063637 -0.12416172436019085 -1.9692902318535637 0.4674726524093834 -0.73717399004711848 -0.25427890186304153 -0.17015394948087917 0.46870891867610864 1.4051499883919807 -1.8667286086372765 -1.593329870890914 -0.098331706531547464 0.028130461769643018 2.1494653239064294 -2.4727795463791606 2.0819261580102322 1.2828987143299815 2.5842296872519417 1.3936988945471056 0.22026047282146338 -0.2127924467246872 -5.2336983174816938 -0.9928023094890962 -2.0171021426551117 1.1244411436756963 -1.8475522081894173 -1.6072555763425973 -0.34528792836582534 -1.7172716456537056 -2.4594997567716557 -1.6595316731902459 0.57142952542481307 -0.30775632733689806 -2.9755392006744739 0.28838046023071945 -0.59823402982937057 -0.34863825194332787 2.0300353667247912 1.2956122478196106 -1.0893133590069888 -1.5390754575089749 0.62930643212737403 0.66903858839020469 0.65524168287299089
decision_type=2 2 2 2 2 2 2 2 2 2 2 2 2 2 2 2 2 2 2 2 2 2 2 2 2 2 2 2 2 2 2 2 2 2 2 2 2 2 2 2 2 2 2 2 2 2 2 2 2 2 2 2 2 2 2 2 2 2 2 2 2 2 2
left_child=1 -1 3 4 -2 6 -3 8 -5 10 -7 24 37 14 15 -4 -16 18 -18 21 -21 38 23 -23 25 -9 -27 -22 29 30 -15 -32 36 34 -34 -10 -31 -13 42 -40 -30 -26 -19 48 45 -45 -47 -48 49 50 -42 -52 53 -46 -35 56 60 59 -59 -58 -50 62 -62
right_child=2 5 13 7 -6 9 -8 11 35 -11 -12 12 -14 28 16 -17 17 19 -20 20 27 22 -24 -25 41 26 -28 -29 40 32 31 -33 33 54 -36 -37 -38 -39 39 -41 43 -43 -44 44 52 46 47 -49 55 -51 51 -53 -54 -55 -56 -57 57 58 -60 -61 61 -63 -64
leaf_value=46591.035782465297 -455.03343845985796 -1190.475612273028 -1861.9335109108015 -1538.9482070806546 28243.586731485215 -0.050005799888215366 -36.082174923525073 -0.050004237490757331 -0.050001981183007395 -2.2959200004119844 -572.54945122404331 -0.05000265236428926 -704.84051728693737 -2.3709593685089714 -752.42012981779135 -391.22115896015475 -0.050002981267433015 -95.095086167614767 -931.41053034972174 -961.43939726181497 -3.0087798947202713 -138.34369774007655 -485.5387778158148 -4.2901336078924333 -98.150784144687407 -334.50739633236162 -0.050002092088364314 -128.97885876980558 0.14926255071985708 -0.28627696495601479 -0.05001500448349723 -3518.8783773067139 -403.50637382259998 -4.0408740322684933 -0.050038672454860593 -148.7394063632382 -9.6977035580317246 -108.55236268857897 -343.23653026733098 -0.050039150900244057 -5.2716041810622301 -0.68829377601393382 -0.72010534637846757 -6.5215564488776288 -35.073339651059598 -3.9698442468541035 -0.050054624794397706 -2723.9380171609919 -0.16525435919675457 -1.5423948216445487 -229.14407272039549 -45.859624419314549 -0.44486693304130054 -0.050050725164209026 -34.457228183084645 -0.16684186780551175 -47.253604805464462 -6.6922284411689308 -160.41294846653469 -1.4249861997043354 -139.1689124497079 -1.4904594504815583 -0.050042088039686697
leaf_weight=0.0011864647386610047 0.0010989411041525514 0.0010080428322472006 0.001020470808659462 0.0010072141185446526 0.0010025033418180217 0.001502326022091432 0.0013876488010282637 0.003803886706123194 0.0026567087234070598 0.044561519155002505 0.0012227086026584035 0.0047941888624165154 0.001276975187616586 0.23669099983397052 0.0017943296352097562 0.0010225701574731515 0.0012339764124922497 0.0010521323388642525 0.0010736980685020867 0.001664234078406243 0.016898934500774867 0.0018077469249082384 0.0011328788877599258 0.011792189259814312 0.0010193598965315956 0.0011959669818679677 0.0014759210234842612 0.001551243196154072 126.73132605145233 4.6742641933284981 0.0084383544548453648 0.0016056480781121438 0.0030982287228766827 0.012528729098096823 0.0031027681075102009 0.0010088143171263809 0.17944593981262258 0.0013824584013864038 0.0010198535736857537 0.0094712505297634142 0.019152458331567757 0.13639733085842051 0.45817060894703188 0.038092076604246988 0.011420970873448399 0.012626423616893593 0.0032204275485138633 0.00139506471044629 2.6041632533340602 0.16752024514369079 0.0028372627394124264 0.0043658972190314671 4.7144625862398852 0.014482156853773631 0.010172292784204897 190.63090065276396 0.0063554537482559672 0.0075276552233844995 0.006859442004891525 0.036365406180266402 0.011860360400906877 0.55538142401102053 0.015468828962184489
leaf_count=238 125 219 251 135 139 35 36 110 78 138 45 169 91 465 88 196 70 31 130 328 293 74 141 227 27 47 41 43 413 5276 37 122 35 18 5 43 87 45 80 405 33 379 1221 12 30 9 4 81 2447 247 39 18 4192 17 24 161757 13 8 35 45 50 1054 19
internal_value=0.101112 1046.34 -0.0594853 154.752 13235.8 -41.3139 -521.82 -21.4388 -363.862 -16.9699 -256.927 -10.8667 -140.921 -0.133387 -15.9241 -1125.82 -11.4662 -8.8432 -433.387 -6.9015 -92.0227 -3.36723 -57.7444 -22.109 -4.12986 -61.8187 -149.757 -13.6 -0.109003 -2.13311 -25.1755 -562.575 -0.968702 -57.1395 -201.631 -40.9719 -0.634226 -24.335 -1.66167 -33.4116 -0.0771153 -1.41127 -0.936329 -0.22138 -1.37569 -74.0734 -223.314 -823.364 -0.192856 -6.2396 -36.0957 -118.054 -0.527091 -15.4922 -17.6704 -0.186809 -1.36016 -26.3161 -79.9828 -8.24277 -0.912961 -4.2545 -60.425
internal_weight=331.445 0.0508687 331.394 0.15812 0.00210144 0.0496822 0.00239569 0.156019 0.00467274 0.0472866 0.00272503 0.151346 0.00745362 331.236 0.510706 0.00204304 0.508663 0.506869 0.00230767 0.504561 0.0201144 0.484447 0.0147328 0.0135999 0.143892 0.00647577 0.00267189 0.0184502 330.725 5.12935 0.246735 0.010044 4.88261 0.028902 0.006201 0.00366552 4.85371 0.00617665 0.469714 0.0104911 325.596 0.137417 0.459223 198.864 4.7957 0.055334 0.0172419 0.00461549 194.069 0.193876 0.0263556 0.00720316 4.74037 0.0259031 0.022701 193.875 3.24398 0.057108 0.0143871 0.0427209 3.18687 0.582711 0.0273292
internal_count=182310 711 181599 1429 264 473 255 1165 256 218 80 909 305 180170 3578 447 3131 3043 200 2843 664 2179 442 301 604 198 88 336 176592 6069 624 159 5445 82 40 121 5363 214 1737 485 170523 406 1252 170110 4345 106 94 85 165765 337 90 57 4239 47 42 165428 3671 101 43 58 3570 1123 69
is_linear=0
shrinkage=0.05


Tree=7
num_leaves=64
num_cat=0
split_feature=14 22 10 14 13 9 19 15 19 16 0 28 1 15 13 21 9 10 1 3 22 15 16 5 10 15 10 13 18 29 0 14 22 8 8 3 23 22 27 10 0 13 26 23 10 0 1 22 28 16 13 2 11 29 26 19 4 0 23 4 8 10 1
split_gain=812370 4.87645e+07 1.36619e+06 696542 9.65873e+07 2.16762e+08 849439 621004 2.77814e+07 1.76548e+08 445092 127360 3.7328e+06 2.93486e+07 1.67598e+06 1.45071e+07 107874 105443 42588 53739.4 23773 11111.3 13158.6 6669.63 9017.5 5028.01 4887.1 58084.6 94678.8 25637.7 39876.4 4420.84 99019.5 231921 452722 5682.67 11585.9 3039.84 2932.04 2783.01 3921.42 7942.19 2569.96 1965.53 10920.5 16770.2 1861.2 12216.2 5017.47 7549.65 1812.75 2142.81 1766.24 11002 53365.2 1572.78 3343.13 1357.52 2615.18 1354.07 5383.4 28564.8 50491.3
threshold=-2.7471179092286482 -0.49883493942208851 -1.4092162095185674 -1.9692902318535637 0.47996076444786007 0.59113111248099248 -1.3765786980997559 -2.9581085650710066 -1.6972937541369821 -0.071038829991410715 -1.3835108591437966 -1.0135207695451123 0.090714296701315478 -1.0050915853964892 -1.8475522081894173 0.30383893285011093 -0.7699542393886134 -1.1315163227101865 -1.9203354198266009 0.14775896196885704 -1.3793636031711367 -0.61560520004142016 -0.13801243094541904 -0.46768879708236472 0.62381508008941433 -0.9882178961628495 -2.4594997567716557 -1.7997969066763961 0.052875818665121969 -0.33376121986703683 -0.09530963779819944 -1.4384369920646771 -1.5664509079877991 -2.3619256579062715 -0.75009362482431485 -2.1127687998541735 0.10256825174397517 -0.39721605365329199 -5.2336983174816938 -2.4594997567716557 -0.27654371100698544 0.76841042391793402 -0.069382282976132081 -3.5811765174458046 1.292581245649856 0.54136282910832978 1.0481063203856238 -1.3315701323508942 -0.050121274721539856 1.5868613502331661 -1.1277395002463664 0.30862782298179553 2.1712704614417206 -0.34768101663546996 -0.35583259966709396 -1.9312114674562275 0.053495576775369626 -0.3076882174005014 0.074716831804799114 1.1408388898211033 -1.5653140543294313 1.2378814902757804 -0.50445249225548816
decision_type=2 2 2 2 2 2 2 2 2 2 2 2 2 2 2 2 2 2 2 2 2 2 2 2 2 2 2 2 2 2 2 2 2 2 2 2 2 2 2 2 2 2 2 2 2 2 2 2 2 2 2 2 2 2 2 2 2 2 2 2 2 2 2
left_child=1 -1 -3 4 6 -6 -2 8 9 -5 -4 12 14 -14 15 -9 -12 -8 19 -18 -19 22 -20 24 -22 -25 27 28 -13 30 -29 32 33 -28 -35 36 -34 -23 -33 40 -16 -42 -11 44 -41 -46 55 -48 -49 -50 51 -27 59 54 -54 56 -37 58 -52 -40 61 -61 -63
right_child=3 2 10 7 5 -7 17 11 -10 42 16 26 13 -15 39 -17 18 20 21 -21 23 37 -24 25 -26 50 31 29 -30 -31 -32 38 35 34 -36 46 -38 -39 52 43 41 -43 -44 -45 45 -47 47 48 49 -51 57 -53 53 -55 -56 -57 -58 -59 -60 60 -62 62 -64
leaf_value=-8064.9800023479347 -1347.6142012498578 -1326.6379987065948 -1031.663337218266 17751.439496879881 -702.10584057695075 27990.282806620417 -221.62520470256791 -1.7740365109972664 -0.34417220730321613 -57.907771523678143 -461.42041433939443 -0.050014385205459228 2874.2190782360867 -2.0260693072827318 -3.5584835643029069 1408.601420435599 -488.30292023991069 -153.82876422561705 -0.050007885385786044 -0.050002417740761841 -199.28906911707557 -77.32989890522957 -245.74420346249755 -85.80281030486681 -0.050004869072427571 -100.01796004594573 -8.7827642225203757 -0.050012615958717033 -599.705771888507 -1.7922645133603163 -279.30065389615947 0.14028516721787737 -7.9246816599897318 -0.050031280282959438 -1033.7802828405527 -2.4870365227127351 -86.240958193003323 -0.44561920991956883 -0.12854392637689085 -0.99057642646692468 -105.6346053933818 -0.050053316540517846 -0.050035276217750717 -0.58000765508373864 -8.8917838207129538 -114.06394528854085 -113.07677513699861 -0.50868672098534984 -0.05004352967941849 -62.214748095826693 -99.741573819302687 -0.050001455928523224 -1.5102470111483095 -0.28504849983609276 -89.555721075417736 -0.74343860879691437 -42.287401537026788 -0.058147488412126441 -0.050006871408093727 -6.1247540853541391 -0.6191441321544866 -406.05420338508554 -38.607964832919073
leaf_weight=0.0019033023224218617 0.0011873274772652978 0.0019976058929387355 0.0010662909888878849 0.0016260235607337145 0.0019229239749226149 0.001000857703274286 0.0056414311612517079 0.17022841762374041 0.50998474094651736 0.0025924796722446236 0.0013004735108578516 0.0016760511761864097 0.010042323439847678 0.075910154379216332 0.014252453225595773 0.020419770846904273 0.0010240594200696387 0.0026011414218238818 0.0011733695311001435 0.0012532660801130024 0.0010038192157264378 0.001293997591801598 0.0010175250408767369 0.0017491988267962491 0.0013077749402376642 0.0010003205161979714 0.011451188539508614 0.0031564817590884254 0.0010839552257131402 0.20113700660888337 0.0021486074102137144 132.44511440457643 0.025398010157461154 0.0024994828272610894 0.0018379931384820327 0.020517023986090059 0.0058010744916419934 0.19876093136988957 149.57458051450843 0.10632340527530393 0.0033148776087531967 0.0038492319714150129 0.0073914733552570338 7.8056135394698298 0.011309982953226716 0.0057008473631867665 0.0026542393805220046 0.10901741118186692 0.010902516922215111 0.0088474643416702747 0.001003093822504241 0.0011549541478554914 0.10283629411170046 0.8589988437734456 0.020669223749307367 3.483320050318178 0.0071027151229118906 0.27640225762459353 0.0019113318499391907 0.10651140675589779 9.1072223267082055 0.0012315135685027857 0.003881759058600668
leaf_count=650 222 412 73 17 579 271 283 126 612 39 81 11 12 87 51 34 141 59 23 57 132 42 57 129 58 82 19 26 37 247 37 163 64 5 46 40 39 604 149740 153 31 12 34 7271 28 32 9 154 13 31 63 88 33 1134 87 3877 37 885 35 322 12480 75 19
internal_value=0.210014 -97.9131 -25.3202 0.277791 76.6977 9119.76 -12.9406 0.203121 54.7134 2473.2 -12.7555 0.109701 6.24615 334.022 2.7855 149.287 -7.47691 -7.54638 -4.59048 -219.606 -3.35489 -2.16937 -114.159 -1.98411 -86.5704 -1.29373 -0.0607857 -7.70018 -235.557 -4.65388 -113.149 -0.0553848 -1.77536 -126.723 -438.09 -1.23835 -22.4866 -0.942923 -0.0336697 -0.727582 -18.7274 -48.9047 -15.0736 -0.678963 -6.94169 -44.1382 -1.05635 -6.89823 -4.70961 -27.8982 -0.768551 -46.4478 -0.177868 -2.2913 -16.2451 -0.837672 -12.7221 -0.416079 -34.3621 -0.164792 -0.752911 -11.6666 -127.106
internal_weight=305.377 0.210791 0.208888 305.166 0.297886 0.00292378 0.294963 304.868 0.521595 0.01161 0.20689 304.347 8.22697 0.0859525 8.14101 0.190648 0.205824 0.293775 0.204523 0.00227733 0.288134 0.202246 0.00219089 0.285533 0.00231159 0.283221 296.12 0.209202 0.00276001 0.206442 0.00530509 295.91 3.68935 0.0157887 0.00433748 3.67356 0.0311991 0.200055 292.221 7.95036 0.0214166 0.00716411 0.00998395 7.92895 0.123334 0.0170108 3.64236 0.131422 0.128767 0.01975 0.281472 0.00215527 159.776 0.982504 0.123506 3.51094 0.0276197 0.279317 0.00291443 158.793 9.21885 0.111625 0.00511327
internal_count=182310 2140 1490 180170 2886 850 2036 177284 702 90 1078 176582 7837 99 7738 160 1005 1814 924 198 1531 726 80 1472 190 1282 168745 358 48 310 63 168387 4334 70 51 4264 103 646 164053 7578 94 43 73 7484 213 60 4161 207 198 44 1153 170 163890 1254 120 3954 77 983 98 162636 12896 416 94
is_linear=0
shrinkage=0.05


Tree=8
num_leaves=64
num_cat=0
split_feature=14 22 22 13 9 10 28 1 21 21 13 14 19 24 3 4 25 10 25 14 15 17 7 1 14 7 1 1 3 14 13 23 29 21 4 16 24 27 13 10 9 24 21 11 29 26 14 7 23 13 9 7 1 21 10 3 4 15 14 20 22 11 19
split_gain=1.33396e+06 8.08339e+07 6.97179e+07 1.03273e+07 1.02766e+07 1.3847e+06 195317 1.97293e+07 1.03479e+08 1.6141e+06 9.6126e+07 79446.3 1.55012e+06 4.79653e+06 37496.5 59002.8 74614.6 25058.7 181506 24186.4 23025.7 9120.5 8371.07 29357.3 53853.3 6039.62 121082 361270 323541 4483.82 10994.3 3780.31 3479.56 3320.88 8720.92 3114.92 3906.1 2766.44 2472.63 13237.3 57960.4 21992.4 75949.1 2373.05 44994.2 80839.8 2184.63 2160.45 6746.87 6764.31 13628.6 1869.5 17306.5 2159.77 2131.55 6393.03 1460.16 2301.72 9742.1 1995.79 5395.35 9084.27 1812.94
threshold=-2.112839382438461 -0.30804751393105012 -0.46065947493748483 0.43477574361917132 0.59113111248099248 -1.1073406147060509 -1.0135207695451123 0.074982692638364323 0.28295262437085006 1.1244411436756963 -1.5032122607792167 -1.8578120351942478 0.99334037855554513 0.99282758790466419 -1.3750525462442627 0.39969258957014725 -0.82181056913119821 -2.4594997567716557 -0.29050337863511594 0.15133944289626344 -0.56261570493111634 -0.015685502299525107 -4.018362142454686 -4.8592762781610332 1.9390509389619381 2.4206483485040367 -0.45812863812924504 -0.39497970768442087 -0.1866755434596151 -1.7566181509207293 0.92108899071374062 0.24390532915547194 -0.34811974948490482 -0.98075302633391515 -1.7642493869139411 1.0199964020357297 -1.2676465989780159 -5.2336983174816938 -1.7997969066763961 1.3971358390261261 -0.63169406677088447 0.58311430421516797 0.10073325406360577 2.1712704614417206 -0.34768101663546996 -0.44425441895942797 -1.6729029325115261 -4.018362142454686 -3.5811765174458046 -0.10667812931220248 -0.2215198643922274 2.4206483485040367 -0.37539141115902763 -2.2118320993636922 -2.0396497268587956 -1.0831662401314757 1.1408388898211033 2.195449411846905 -0.7827086346578197 -0.66868046312269269 -1.1405034620117351 0.71081541644706359 1.5690806022927151
decision_type=2 2 2 2 2 2 2 2 2 2 2 2 2 2 2 2 2 2 2 2 2 2 2 2 2 2 2 2 2 2 2 2 2 2 2 2 2 2 2 2 2 2 2 2 2 2 2 2 2 2 2 2 2 2 2 2 2 2 2 2 2 2 2
left_child=1 2 -1 5 -5 -3 7 9 20 22 -11 12 13 -8 -7 21 -17 18 -13 -20 -9 -16 23 24 -2 37 -27 -28 -29 30 33 -22 -12 34 -24 -21 -37 -19 39 40 -31 42 -42 47 45 -45 -34 48 49 50 -39 54 53 -53 55 -40 -49 59 -59 60 61 -58 -62
right_child=6 3 -4 4 -6 14 11 8 -10 10 32 17 -14 -15 15 16 -18 25 19 35 31 -23 29 -25 -26 26 27 28 -30 38 -32 -33 46 -35 -36 36 -38 43 51 -41 41 -43 -44 44 -46 -47 -48 56 -50 -51 -52 52 -54 -55 -56 -57 57 58 -60 -61 62 -63 -64
leaf_value=-18507.598156553689 -24.210710070043774 -1398.6786470080551 -1181.8463348397597 -817.37588733704285 -7033.9809345249296 -0.56494341142838012 -3803.003866103767 -174.99042759222169 10683.720924321691 8482.9402540788888 -34.227321060503151 -532.24768370065351 -4.2326592360517816 -139.14789071925301 -8.0105489877431957 -46.209585302210492 -643.62107610241958 0.12758739202069541 -196.80106820486276 -1.6564129906722305 -0.050017926810271562 -133.83652666597945 -0.050058879058162586 -3.9472048082147091 -458.324314044532 -1.4212050241070315 -0.05003155663244211 -1004.2583905488682 -101.25304909766339 -368.73643657285379 -104.19767147215084 -67.204324686952589 -30.105650406395497 -3.1242682752579549 -112.69568878425289 -0.050050201169865173 -79.588561087301684 -8.5975977749526979 -54.365052693283126 -0.17719831574411243 -9.9474549515598287 -1.2494318769610622 -294.339262386136 -6.166487317796383 -0.659530850451026 -200.17333634549109 -0.91338437130201156 -0.12994516955790489 -1.6217872742285533 -0.050035796428812798 -121.34755558719922 -37.254247284956691 -41.421379098461919 -0.40195743096810643 -0.53093555345146459 -0.050027989775743104 -193.38178617533333 -145.22864164366021 -8.4656163145044339 -0.69807483585926511 -3.0915937859786462 -0.050019061002120613 -20.847063452136556
leaf_weight=0.0011022529744195708 0.0020694766985416826 0.0017874651769044783 0.0012269457601106195 0.0018964283724471889 0.0010236097103870634 0.33564199458104516 0.001104404668792274 0.003143927620840258 0.0027016996500606174 0.00339671970141353 0.0087777557948029994 0.0017850510041899558 0.14377642014849643 0.0046729676488324046 0.0062810225887854915 0.0010831986792254611 0.001009989458992608 137.41766723932346 0.0017788976076098311 0.03113331745215913 0.007071821037243688 0.0018686485834386053 0.004842160565047493 0.012829800310893313 0.0010910496057019992 0.58415141169865603 0.011318091352507054 0.001991618544471275 0.0019762256886868279 0.0012205494329567057 0.0033606137365040914 0.0029782150331922885 0.0066543329204105097 0.032528392058662869 0.002663218540813971 0.0030331340031450518 0.0031431327754059693 0.0058496227410496093 0.0073644464097598851 0.20523989981870727 0.010103617604374816 0.038872091368787665 0.0030582157196477064 0.016350183121585884 0.6581043238503842 0.0079950839426724402 0.17374956170381839 133.11549493165248 0.095434549027294868 0.0082152010636491468 0.0049465146484055644 0.0040318000797318612 0.029006597514189436 0.2859271084264699 4.0925465271371637 0.020493466217253984 0.0010344262856564878 0.0013776131242977377 0.023765386146429424 7.1417310884429748 0.098652168747529495 0.0014725831589614139 0.016829247410717868
leaf_count=1124 25 617 243 722 263 685 902 30 18 18 37 111 121 165 198 83 122 179 72 135 37 271 18 42 38 727 22 45 8 17 29 27 23 179 38 17 30 17 35 25 59 28 32 36 1143 92 490 152839 249 17 28 39 27 289 6319 64 61 11 108 12434 326 18 86
internal_value=-0.0140215 -97.1618 -9380.96 -35.4839 -2996.59 -10.6141 0.106545 9.93586 1768.63 4.28806 146.199 -0.0681466 -36.5009 -839.532 -3.44083 -97.679 -334.468 -0.0486352 -39.1955 -16.6793 -56.8942 -36.8613 -1.45662 -37.5727 -174.072 -0.0429046 -5.05635 -143.973 -554.507 -1.33482 -17.3334 -19.9504 -3.48592 -10.0416 -40.0214 -8.09119 -40.5276 -0.0321182 -1.18704 -5.94077 -28.1533 -20.1643 -76.0273 -0.187549 -3.12883 -69.8791 -1.99016 -0.173264 -7.04023 -34.2402 -60.2568 -0.910241 -4.59807 -0.914379 -0.624762 -14.4086 -0.167666 -0.856937 -15.959 -0.804633 -7.25449 -79.8213 -5.67912
internal_weight=284.723 0.352922 0.0023292 0.350592 0.00292004 0.347672 284.371 4.96572 0.0158957 4.94983 0.192578 279.405 0.149554 0.00577737 0.345885 0.0102429 0.00209319 279.255 0.0408735 0.0390885 0.013194 0.00814967 4.75725 0.0159903 0.00316053 279.214 0.599437 0.0152859 0.00396784 4.74126 0.0433944 0.01005 0.189182 0.0400338 0.00750538 0.0373096 0.00617627 278.615 4.69786 0.258494 0.0532545 0.0520339 0.0131618 141.197 0.68245 0.0243453 0.180404 140.515 0.114446 0.0190113 0.0107961 4.43937 0.318966 0.289959 4.1204 0.0278579 140.4 7.28486 0.025143 7.25972 0.117988 0.00250701 0.115481
internal_count=182310 4328 1367 2961 985 1976 177982 7983 112 7871 568 169999 1188 1067 1359 674 205 168811 365 254 94 469 7303 105 63 168446 802 75 53 7198 264 64 550 235 56 182 47 167644 6934 161 136 119 91 167465 1271 128 513 166194 311 62 45 6773 355 328 6418 99 165883 13044 119 12925 491 79 412
is_linear=0
shrinkage=0.05


Tree=9
num_leaves=64
num_cat=0
split_feature=14 0 4 8 2 23 14 7 1 18 20 13 13 1 8 7 13 1 4 29 22 10 1 25 11 5 29 9 28 1 1 24 24 21 13 13 25 23 9 20 17 13 22 10 3 23 4 11 26 4 15 5 29 2 23 1 15 28 0 29 22 10 24
split_gain=2.8436e+06 8.43186e+08 1.04832e+08 1.02145e+08 1.82795e+08 8.18798e+06 1.41527e+07 803533 4.21512e+07 1.68896e+08 396084 1.32262e+07 2.61913e+07 10059.9 34579.7 6143.06 30515.6 73767.4 6966.7 23435.4 12984.2 5577.02 25051.1 45432.4 5088.41 13979.8 500307 21473.8 4424.84 78294.1 115929 94219.1 8476.96 4060.38 210017 251992 329219 2900.61 11115 2684.87 2157.55 1934.39 3404.54 1695.49 8374.24 1515.21 1482.12 2555.87 1406.3 1359.69 2800.52 6541.65 1980.6 5865.33 7618.16 4553.01 8597.12 1581.1 948.367 8977.07 14256.8 11661.2 19493.1
threshold=-1.8578120351942478 1.2739852239269991 0.33531730358119144 -0.28058745733968832 0.39264870040623134 1.5503024942451147 -2.4847079616994612 2.4206483485040367 -0.42235057704955997 -0.23180496570905829 -3.6129457128950819 -0.79542781559777609 -1.4725347523644481 -3.6955711576570298 -0.6876712140151956 -2.8055272607296788 -1.9696159132442645 -0.77364643394000643 1.331753215701952 -0.31278181270315186 0.77459482333890284 -2.0396497268587956 -1.7029425121487354 -1.3352086943357795 2.1712704614417206 0.91128369020110567 -0.34656424210963582 -0.19032743694441243 -1.0135207695451123 0.062660308683522403 0.090714296701315478 -0.066770182546278659 -1.0037720766416338 0.30383893285011093 -1.5032122607792167 -1.5966774059708582 1.0904858882731447 -3.5811765174458046 0.35036752106357116 -1.274471943748702 0.22135733824600151 -1.2493293533679739 0.36345879848504281 -1.854814981198968 -1.0831662401314757 0.44588296906066732 2.0898369913659041 0.10009737219226565 -1.8307345769668009 1.1408388898211033 1.9366983489443503 -0.73779132825517868 -0.34891744557478638 0.89677133618873617 -0.14893591674475332 -0.53825210430882375 -0.60235742602535869 -0.26051885179925943 -0.91326882244764829 -0.34528792836582534 0.93215656619127218 0.078693420947912415 0.49669770789972051
decision_type=2 2 2 2 2 2 2 2 2 2 2 2 2 2 2 2 2 2 2 2 2 2 2 2 2 2 2 2 2 2 2 2 2 2 2 2 2 2 2 2 2 2 2 2 2 2 2 2 2 2 2 2 2 2 2 2 2 2 2 2 2 2 2
left_child=1 2 -1 4 -4 6 -5 10 13 -10 11 12 -2 14 -9 16 17 -12 21 -20 -21 22 23 -18 28 26 -26 -27 29 33 -31 32 -32 43 35 36 -35 38 -15 -30 -29 42 -39 44 -17 -11 48 -48 -36 -41 52 -52 53 55 -55 56 -51 -53 59 60 61 62 -54
right_child=7 -3 3 5 -6 -7 -8 8 9 45 15 -13 -14 37 -16 24 18 -19 19 20 -22 -23 -24 -25 25 27 -28 40 39 30 31 -33 -34 34 46 -37 -38 41 -40 49 -42 -43 -44 -45 -46 -47 47 -49 -50 50 51 57 58 54 -56 -57 -58 -59 -60 -61 -62 -63 -64
leaf_value=-14741.282835911174 3466.3571733334061 39884.353250560962 26382.723621383335 -7251.6538482990472 -3773.8777388704825 -0.57404060028976889 -628.50905133321783 -253.88131715044852 18380.688103076682 -54.296706203746339 -384.79534895953697 -0.65231283155526909 -12.880338710027184 -0.05000371258793445 -7.0767927125900769 -85.254983079640681 -0.05002912262395029 -0.050032836376553848 -253.89632264461781 -0.050007875579301232 -181.37031212929395 -1.1479152690144518 -6.296385119805703 -426.38458932321367 -867.99136592148773 -258.82932151721235 -0.73900048291161591 -80.514159095413575 0.10354847863787481 -16.993144110161726 -99.384457144557871 -789.12941498207863 -296.93931881960708 -1385.0440950948714 -24.792178156304928 -40.931291027846854 -187.98650255901958 -68.962595166025153 -179.392439998329 -0.14143294345863455 -0.050010089614980095 -1.2326654277694147 -6.0633540201337688 -0.65073508508519007 -0.050023217141154243 -0.050030570837834687 -6.7798369459647292 -68.08303311997183 -0.49510762438135703 -170.19552370646477 -114.52583463313545 -49.367533996104306 -287.44294206410422 -0.050002098188094736 -187.61880510447278 -0.024714012906439917 -14.1061246170811 -0.050008389809001019 -0.52734259458964483 -1.561784775450763 -172.38966338576324 -6.5297151142263479 -0.050005113229711552
leaf_weight=0.001204105531705967 0.0082836024739663117 0.0013295593288832888 0.0010030916608241638 0.001041148986995497 0.0010069352032215572 0.31360309159663302 0.0035801861816679784 0.00177283104094853 0.001567637818141075 0.0018434265252608058 0.001819385358216824 0.76725845825830219 0.015588134528351394 0.0038347794379661152 0.0071156762471884186 0.0035209218185627824 0.0015316999815695443 0.0039518969570053455 0.0011818171665464164 0.0094144498307159544 0.0011030033731739353 0.22771048586711568 0.016009342401147784 0.0010555090225749591 0.0016706198286614562 0.0013521931770895043 0.36337711008827472 0.0012427894992110894 284.7207757401344 0.0059021001361542202 0.0010067000839626417 0.0010138396610273048 0.001178890532173682 0.0010108346468769014 0.006062526134169354 0.0036691614513983941 0.0013302366423886269 0.0029022274724849759 0.0011151850376932581 115.73177257816046 0.0025271672304825188 0.33852542649935113 0.0083149310935510812 2.4426833795377454 0.015934756154312502 0.0042666997660489869 0.00742961208123738 0.0022048113109462975 0.33700953794832966 0.0011754617750909802 0.0017470936237334997 0.0020272608808420316 0.0010437451159026187 0.0010995912481917003 0.0010662739481010824 0.028754096828994276 0.0035353900730627627 0.0081936623205793851 4.4509036267622308 0.85192533765904188 0.0017407484996323488 0.015432784619885564 0.0013572904767102795
leaf_count=2412 14 921 316 1118 427 32 492 60 34 29 61 402 35 97 44 31 18 8 84 145 34 646 67 71 126 22 1136 21 1455 19 16 53 24 34 35 15 10 33 31 151375 35 852 37 5169 51 37 56 24 1290 42 41 38 29 37 43 528 22 113 8400 3236 30 174 23
internal_value=0.247251 148.598 -15.7606 39.6084 11275.6 -31.3623 -2120.65 0.130592 73.6559 3739.89 0.0640267 35.4084 1194.43 -3.76406 -56.3025 -0.00429217 -7.63216 -121.34 -5.08865 -42.7874 -19.0657 -3.29801 -29.6254 -173.983 0.000627027 -5.85892 -4.70793 -87.8881 0.00593478 -1.96431 -148.377 -390.745 -205.944 -1.49191 -6.46176 -299.539 -704.856 -2.44747 -40.4543 0.0196741 -26.5755 -1.90955 -22.3373 -0.767834 -15.4697 -16.4163 -1.46763 -20.8089 -0.924468 -0.177522 -0.955297 -25.1151 -0.901332 -12.6505 -92.3917 -7.48962 -53.0539 -9.83185 -0.822677 -2.331 -35.8089 -22.4773 -124.982
internal_weight=410.772 0.322768 0.321439 0.320234 0.00201003 0.318224 0.00462134 410.449 0.371259 0.00767776 410.078 0.79113 0.0238717 0.363581 0.00888851 409.286 0.263778 0.00577128 0.258006 0.0116993 0.0105175 0.246307 0.0185966 0.00258721 409.023 0.37017 0.365048 0.00512215 408.653 2.82996 0.00910153 0.00319943 0.00218559 2.82086 0.358717 0.00601023 0.00234107 0.354693 0.00494996 405.823 0.00376996 0.349743 0.0112172 2.46214 0.0194557 0.00611013 0.352706 0.00963442 0.343072 121.102 5.37 0.011968 5.35803 0.0356308 0.00216587 0.0334649 0.00471085 0.0102209 5.3224 0.8715 0.0195746 0.0178338 0.00240104
internal_count=182310 5718 4797 2385 743 1642 1610 176592 1254 100 175338 451 49 1154 104 174887 1134 69 1065 263 179 802 156 89 173753 1340 1262 78 172413 6827 112 93 40 6715 1464 59 44 1050 128 165586 56 922 70 5251 82 66 1405 80 1325 164131 12756 192 12564 672 80 592 64 151 11892 3492 256 226 52
is_linear=0
shrinkage=0.05


Tree=10
num_leaves=64
num_cat=0
split_feature=14 14 7 26 12 4 13 2 7 1 2 3 5 5 20 26 4 13 5 7 9 12 28 1 1 6 21 13 13 14 19 11 13 29 4 5 29 8 21 23 5 14 4 21 4 12 1 6 2 1 17 29 9 17 23 11 25 29 24 13 8 27 27
split_gain=1.32925e+07 3.26208e+07 1.36056e+07 2.22534e+08 1.21036e+08 1.40822e+08 107055 232507 39854.4 648052 49165.3 76451.8 31939.7 374271 400030 12487.6 10930.8 6783.44 8382.56 5681.09 23093.6 5320.28 3837.97 80784.9 119503 123100 4210.57 54863.9 3331.24 10736.7 3009.68 2915.51 6086.77 17187.3 4657.94 28806.9 2082.82 1952.97 6782.53 1803.42 4175.35 1675.35 2591.21 1551.05 2337.84 8295.6 24067.2 2352.53 12545.3 16746.6 3294.47 14488.1 2369.88 5337.91 2088.54 1462.47 9209.7 2695.71 1416.36 2134.39 1188.25 2710.45 1137.8
threshold=-2.7471179092286482 -1.8578120351942478 -2.8055272607296788 2.1892078568739866 -1.4781689938869251 0.39969258957014725 -1.5032122607792167 1.3500375217184255 2.4206483485040367 -0.41537962077803808 -4.7358985001541436 -2.8679514386199432 -1.0199091258059794 -1.0407200886544103 -0.74494748940454436 -1.692520860167025 2.9206063674587992 -1.0537100269129946 -1.7964545964829575 -4.018362142454686 -0.87391257290161428 0.77889569783238521 -1.0875774605404787 0.010173601531748521 0.040659600820969116 0.30916638957843218 1.1244411436756963 -1.0721208751084881 0.051999332718100137 0.16448610356003676 -1.9312114674562275 2.1712704614417206 -0.50899213941066734 -0.34269541607371029 1.2158413319627224 0.3870563585883014 -0.34453011708043785 -0.11277280535238561 0.72318144593847788 -3.5811765174458046 2.6224709009523246 1.5388603313290032 -0.61088898932329216 -0.53186034639728952 1.1408388898211033 -3.5267913151578854 -0.53825210430882375 -0.2859972511412972 0.91726751853812727 -0.3241356344803078 0.76559254811217892 -0.31182457739529401 -1.6799489830065266 -1.0000000180025095e-35 0.33786726524499294 1.3035872065968448 -1.6714444746237911 -0.34229656802876951 -0.016730257992959983 -0.052166366488112646 -0.75009362482431485 -0.053055706307932216 3.7503112716139886
decision_type=2 2 2 2 2 2 2 2 2 2 2 2 2 2 2 2 2 2 2 2 2 2 2 2 2 2 2 2 2 2 2 2 2 2 2 2 2 2 2 2 2 2 2 2 2 2 2 2 2 2 2 2 2 2 2 2 2 2 2 2 2 2 2
left_child=-1 -2 3 4 5 -3 7 21 12 10 11 -10 13 -4 -15 -8 -13 18 -12 20 -17 -6 23 26 -25 -26 41 -28 29 -22 -29 43 33 -33 36 -36 -34 -19 -39 40 -21 62 -43 -24 -45 46 -46 48 50 54 52 -52 53 -47 -50 60 -57 -58 59 -53 61 -49 -14
right_child=1 2 8 -5 6 -7 15 -9 9 -11 17 16 22 14 -16 19 -18 37 -20 39 28 -23 31 24 25 -27 27 30 -30 -31 -32 32 34 -35 35 -37 -38 38 -40 -41 -42 42 -44 44 45 47 -48 55 49 -51 51 58 -54 -55 -56 56 57 -59 -60 -61 -62 -63 -64
leaf_value=374.03286853893024 -1452.0650107903402 -35.720148737522798 -0.22171323069975513 20317.895390896145 -128.48947046056091 23074.000739891362 -147.09238370966949 -926.03311705673923 -430.74615994120518 -943.96012673840926 -0.050007103106838161 -179.37218884942752 -1.1362464545840429 69.890064470883971 -0.17431240582346186 -249.87620014727682 -0.050152324267392946 -1.1710216455411417 -197.70266698568412 -0.050010473525217883 -194.5234313163929 -0.050025959903235787 0.062337007539575995 -0.050008686041530914 -796.82295167916072 -110.2739696208148 -371.06114891132387 -83.663745095494363 -0.050023504262206732 -0.050003980466575504 -2.2687429118031028 -243.63133558147658 -13.255735504930156 -0.050005127003386197 -0.050004178243620537 -287.0188233739695 -0.42948637922004729 -0.050003437603872741 -113.35978168334644 -1.7083844339272229 -80.637644876478305 -52.189754624341084 -7.3991346474489639 -0.15187281211857964 -273.33099988964517 -0.050004516047605509 -0.050004218805050994 -0.05000633541846658 -0.050004464390864083 -217.42991991221103 -184.04488776260322 -0.050004575495607363 -1.8254826858312698 -132.97746932224442 -77.966389076176654 -132.87004970813834 -74.973440368449488 -2.0462363345985071 -0.050004255543134951 -98.809691450724429 -0.99632557703952962 -99.43910120795212 -21.222325644234484
leaf_weight=0.23778094537732286 0.038670455010218485 0.0014017326939210939 8.2046708750161184 0.001410789311984211 0.0015571539065487852 0.0012444429686279492 0.0017001901675130207 0.0010259366466911501 0.0017413668663382583 0.0019069612741388344 0.0011419935469966979 0.001115310958834239 1.4559177136450128 0.41270086098575121 0.40231974859540187 0.0012008348312188338 0.0035700249449616174 0.089230988305456949 0.0010116118155729728 0.0045615337103850065 0.0010284181373833756 0.0016719910750140343 196.95802322099536 0.0037791491413576386 0.0012550626984706957 0.0013608656331208714 0.0010781347302425406 0.0011959756957367054 0.0074201186974314423 0.0022902859781525182 0.022535336142790019 0.0010263512377528864 0.041654857604385115 0.0024600156539236139 0.0053496088549005389 0.0010454097082171262 0.13179818363208015 0.0052455551785755136 0.0017650703904017462 0.060300033297991301 0.0024817703058630514 0.0038358453935933836 0.020410590313684529 87.042162170683341 0.001097771174956891 0.0022835919898657455 0.0030275941028416065 0.002155645716044827 0.0026113409708988563 0.0016100262245144431 0.0013586701955228273 0.0011900865256075435 0.13687397173749852 0.0011284315872110706 0.0012824250390650604 0.0015057965667683955 0.0013346935388236494 0.025047189905416229 0.0078064426560573953 0.0010125588996922038 1.6596134299006098 0.0010061395272016787 0.007084721544934002
leaf_count=2189 3612 11 12537 32 24 31 30 87 125 95 61 69 4718 35 673 141 14 636 46 33 39 19 11241 23 79 30 26 14 195 105 315 23 133 25 70 46 964 105 77 482 27 29 153 131548 30 43 55 86 61 48 56 20 1059 16 13 34 56 428 116 21 9066 144 72
internal_value=0.343532 0.0441601 0.233377 617.325 301.077 10832.3 -25.86 -270.315 0.0476435 -30.5008 -13.8828 -147.871 0.058637 2.9884 35.3041 -13.0157 -42.7365 -5.13132 -92.8933 -10.1404 -41.9273 -61.9859 -0.0332608 -2.54035 -179.876 -439.664 -1.79033 -22.219 -18.674 -60.3145 -6.37077 -0.0199516 -6.32323 -71.7579 -5.05477 -46.9615 -3.50972 -3.16746 -28.5781 -4.50479 -28.4458 -1.44955 -14.4851 -0.015909 -0.189274 -1.94717 -72.7708 -1.78905 -7.64057 -81.7953 -4.94935 -30.8378 -2.85154 -44.0121 -25.712 -1.24511 -12.6003 -5.73572 -10.0409 -45.45 -1.05467 -31.6775 -1.23352
internal_weight=297.046 296.808 296.77 0.0892952 0.0878844 0.00264618 0.0852383 0.00425508 296.68 0.106729 0.104822 0.0064267 296.574 9.01969 0.815021 0.0809832 0.00468534 0.0983952 0.00215361 0.079283 0.0119397 0.00322914 287.554 1.51845 0.00639508 0.00261593 1.51206 0.0248094 0.0107388 0.0033187 0.0237313 286.035 0.183334 0.00348637 0.179848 0.00639502 0.173453 0.0962416 0.00701063 0.0673433 0.0070433 1.48725 0.0242464 285.852 88.8941 1.85195 0.00412537 1.84782 0.157158 0.00550379 0.151654 0.0113678 0.140286 0.00341202 0.00389377 1.69066 0.0278877 0.0263819 0.0100091 0.00220265 1.66278 0.00316179 1.463
internal_count=182391 180202 176590 1256 1224 42 1182 130 175334 1228 1133 208 174106 13245 708 1052 83 925 107 1022 480 43 160861 5459 132 109 5327 355 339 144 329 155402 1261 48 1213 116 1097 818 182 542 60 4972 182 154141 142900 11352 85 11267 1453 122 1331 213 1118 59 74 9814 518 484 157 41 9296 230 4790
is_linear=0
shrinkage=0.05


Tree=11
num_leaves=64
num_cat=0
split_feature=11 13 14 7 13 28 10 14 19 0 17 6 29 1 28 14 14 13 6 17 2 13 4 28 1 8 14 15 16 22 10 26 15 13 9 9 2 26 10 0 17 8 4 2 26 0 15 29 23 22 16 22 9 14 19 15 7 7 10 4 26 13 13
split_gain=1.02006e+07 8.48675e+08 1.08016e+07 5.91015e+06 3.04997e+08 2.81436e+06 2.11444e+08 3.44803e+06 2.13762e+08 1.51907e+07 4.76663e+07 4.7321e+06 2.95687e+06 1.91683e+06 1.90053e+06 1.89064e+06 1.75736e+06 1.34425e+08 1.31606e+06 3.6034e+06 1.26046e+06 1.63429e+06 3.59496e+06 1.07455e+06 702456 455819 4.57953e+06 423133 708748 614546 183105 169718 264938 159468 453454 121812 504506 87767.2 87215.6 91950.7 75554.4 66743.1 438829 65910.4 94533.9 53024.1 34556.6 29669.5 50380.3 29026.9 15235.3 13575.1 11786.1 47913.4 11275.9 10777.6 9775.46 192188 269164 110773 106185 50628.2 12852.3
threshold=2.1712704614417206 -0.72178962249437384 -0.96037505079819863 2.4206483485040367 -1.0721208751084881 -3.0102606420876872 -1.7299889085129834 -1.7566181509207293 -1.748060672811645 1.2640775226030307 1.813003726030904 -1.2835849820661098 -0.34528792836582534 -2.7431918995958431 -0.65141630077308921 -1.2353801125652322 -1.6729029325115261 -1.6693428670777821 -0.94865512584749989 1.6609110325237715 -0.38138142273228337 -0.50899213941066734 -0.27978665017337895 -0.94678218109116263 -0.50445249225548816 -0.6876712140151956 -1.6032975923069068 -1.1138123902901274 -0.16447796944836535 -0.78421042286923004 -1.7299889085129834 0.98394965611988605 -0.40235438334955848 0.65163352407380037 1.1723950593862928 0.57745728811932329 0.075087309355166706 -1.3074255424043064 -0.39722854444687344 1.4052491053360467 1.6609110325237715 -0.27491196842993498 0.26907510200394069 -3.3644505120875494 0.34906450481012424 -1.273589071872564 -0.58906043087653348 -0.34229656802876951 0.13327902818253126 1.4601378953206463 1.6337024627937311 0.11543358200188188 2.3861298620828539 -0.96037505079819863 -1.2514672339749453 -0.28451808323826344 -2.204694546773998 -2.8055272607296788 -1.854814981198968 2.2099871724741109 1.7582631543521829 -1.4191715078879896 1.5329357472690732
decision_type=2 2 2 2 2 2 2 2 2 2 2 2 2 2 2 2 2 2 2 2 2 2 2 2 2 2 2 2 2 2 2 2 2 2 2 2 2 2 2 2 2 2 2 2 2 2 2 2 2 2 2 2 2 2 2 2 2 2 2 2 2 2 2
left_child=3 -2 -3 5 -5 6 -1 8 -7 11 12 -10 -11 -13 -14 -6 17 -9 19 55 21 -16 -23 -20 37 26 -8 28 -22 -29 -25 38 -33 41 35 40 46 -17 39 -31 50 42 -32 44 -27 -43 -37 48 -4 -28 -35 -41 -45 -54 -47 -15 57 58 -18 60 61 -60 -63
right_child=1 2 47 4 15 7 25 16 9 10 -12 13 14 18 20 24 56 -19 23 -21 27 22 -24 30 -26 43 49 29 -30 31 33 32 -34 34 -36 36 -38 -39 -40 51 -42 45 -44 52 -46 54 -48 -49 -50 -51 -52 -53 53 -55 -56 -57 -58 -59 59 -61 -62 62 -64
leaf_value=18736.956413426655 37975.540443415317 -4331.0539848872759 -449.40384382520881 27527.288305553899 -2159.9329472527579 22573.610530097882 -3505.5133402523093 11795.096889510711 -2618.5055371487651 -3194.9021945589443 -9071.2839763068951 -2016.5385866657607 -2769.4759788158844 -0.050015564650059074 -179.58781098208078 -476.56396068880781 -770.8198120625832 -1.1345637876349131 -1379.5785712333504 -3063.7041615126109 -446.56642589755342 -4320.2876143705562 -648.97977248114432 -617.98747303620576 -1344.6503818169776 -80.564478693657449 -11.349251417493626 -1496.7734021139904 -2039.2541860353501 -435.08023721086494 -37.461179392933332 -1268.888165413304 -241.07190937254674 -9.6948602676118565 -882.52560689767006 -335.365841320985 -1121.7035312811306 -12.103515994811744 -513.05134407170533 -169.22843401568764 -404.27851502632819 -317.69108926674443 -1049.0132290989493 -4.7198936363075843 -634.4326177783355 -129.30346905656299 -58.054043588596222 -0.60368733712789513 -22.477750551029146 -292.17137374901966 -181.31260688811065 -44.052628562783674 -388.45386205390417 -0.050005308008532284 -7.4347450552958279 -176.53383164329765 -0.030258394986636059 -0.96789009630806189 -385.29770963049043 -589.31024817869172 -556.66196702332161 -15.283376383616336 -199.81035376695434
leaf_weight=0.0015244879338803105 0.0014885530350596662 0.0014661727573994634 0.0010014379745998669 0.0010249570768375909 0.0011111713288300884 0.0010239517941954537 0.0010554952784613538 0.0024471369831204339 0.0019095226004992296 0.0012833144605792759 0.0018850798103926527 0.0013141656410340366 0.0011013112602753497 0.0022220161030190866 0.0016709573683328927 0.0010492872057402602 0.0016217553037390911 0.18443105741930349 0.0015585034374146481 0.0013872323033865541 0.0019036254343518522 0.0011341968784108758 0.0016180487725705418 0.0014564580731644119 0.0010412015526855617 0.0031050317505057707 0.0088501662674507885 0.0011692207222682117 0.0011033716145902829 0.0027584290364757137 0.010691997762957595 0.0011033716145902872 0.0014521502307616166 0.020736462810617244 0.0019830576784443102 0.0013420183677226314 0.0014264654600992807 0.033185117296552991 0.0024366408761125223 0.004137643554713577 0.0013606165772321937 0.001416693354258299 0.0011916528465008023 0.053541276820358474 0.0010246182431905958 0.0019341842696576341 0.0068960725911892942 0.090315654688640085 0.002229381287629297 0.0010269704016249411 0.0013792145182378581 0.0045451844925992191 0.001029855889427278 0.0034673058755743105 0.10156536727654743 0.0014165604661684197 277.05745794148032 0.60409828003961907 0.0010382930358900288 0.0011030779769971846 0.0010779502422337819 0.016411337270671011 0.0010011996813691698
leaf_count=56 242 633 73 140 180 357 222 16 380 90 363 157 71 32 12 105 221 665 361 485 26 106 28 119 104 118 152 42 51 35 186 32 14 254 66 22 57 816 33 30 133 45 80 413 71 83 50 1079 95 39 105 22 40 43 1405 54 169971 638 64 102 41 578 88
internal_value=0.257076 514.23 -72.672 0.0787757 628.479 -0.00574876 307.009 -0.0881434 -211.071 -332.274 -1380.48 -144.056 -851.697 -114.758 -736.634 -129.218 0.0587894 153.335 -99.1347 -895.428 -647.2 -1413.05 -2161.92 -73.305 -65.2508 -77.3411 -375.074 -482.834 -1030.98 -389.196 -60.0319 -310.393 -684.842 -54.6829 -148.097 -104.151 -253.554 -26.3393 -241.441 -183.596 -42.6462 -26.5914 -138.896 -24.9829 -217.986 -13.8709 -103.229 -5.9295 -154.81 -40.5476 -20.3976 -103.703 -11.25 -88.995 -9.71221 -68.7582 -0.0443639 -6.28371 -150.587 -101.834 -74.2994 -46.1184 -25.8935
internal_weight=278.273 0.0965012 0.0950126 278.176 0.0374117 278.139 0.0746252 278.064 0.193515 0.192491 0.0293025 0.163188 0.0274175 0.161279 0.0261342 0.0363868 277.871 0.186878 0.159965 0.00502581 0.0250328 0.0044232 0.00275225 0.154939 0.0352756 0.0731007 0.0109326 0.0206096 0.003007 0.0176026 0.15338 0.0164334 0.00255552 0.151924 0.0351239 0.0331409 0.00966456 0.0342344 0.0138779 0.0114413 0.0234763 0.1168 0.0118837 0.0621681 0.00412965 0.104916 0.00823809 0.0935465 0.00323082 0.00987714 0.0221157 0.00868283 0.0580384 0.00449716 0.1035 0.00363858 277.684 0.626352 0.0222536 0.0206319 0.0195288 0.0184508 0.0174125
internal_count=182391 2122 1880 180269 1345 178924 1154 177770 5386 5029 955 4074 592 3694 502 1205 172384 681 3537 571 431 146 134 2966 1025 1098 413 285 77 208 2605 166 46 2486 687 621 129 921 120 87 492 1799 266 685 189 1533 72 1247 168 191 359 52 496 83 1488 86 171703 1732 1094 873 771 730 666
is_linear=0
shrinkage=0.05


Tree=12
num_leaves=64
num_cat=0
split_feature=14 14 12 13 1 10 11 29 13 6 3 28 28 9 1 1 29 13 21 13 23 5 10 26 16 19 2 23 5 3 29 8 13 6 17 5 13 29 26 17 17 13 6 14 8 3 8 1 8 12 26 6 29 8 6 12 15 19 19 20 29 2 23
split_gain=6.15245e+07 1.64209e+09 1.02862e+09 217304 59478.9 760391 58901.4 904124 127916 53117.7 61059.5 30713.5 944295 1.90998e+06 163374 336432 105186 323756 32137.3 65860 15121.4 189467 320800 14245 42796.6 6784.97 5813.08 29791.9 122735 18266.4 68451.2 5261.35 36968.7 107272 9763.24 14089.7 6509.94 5181.92 5022.51 4760.87 8406.49 5933.15 8071.78 3728.03 7385.56 3960.91 3697.96 4703.49 3025.82 2819.18 2757.45 2636.15 2450.52 11497.9 20311.4 2353.78 2244.83 32862.2 92469.8 48593.9 2102.12 27444.7 109317
threshold=-1.6729029325115261 -1.7566181509207293 0.64963295189825787 -1.3648966828629534 -4.8592762781610332 -0.32524635008977415 2.1712704614417206 -0.33962428612766626 -0.37127388765043073 -1.4068236329654973 -3.7344992244168833 -1.0875774605404787 -3.0102606420876872 2.2672300043872977 1.0000000180025095e-35 0.028130461769643018 2.5051992792169324 -0.87023568963643805 1.1244411436756963 -0.25177982779209623 3.9319778585106779 -0.85371511402590006 -0.55711801564446861 -1.8307345769668009 0.052361920803106442 -1.4128393786540487 -3.3644505120875494 -3.5811765174458046 -1.4187303837240635 0.96115844777067572 0.48196280164584376 -6.1218403809260975 -1.0893133590069888 1.4882629555965792 1.2294792866818132 -0.85371511402590006 -1.5340604113210519 -0.33978382534564261 0.72427009288362898 0.27706571875088892 2.1647709604630556 -1.5032122607792167 -0.27442990867178668 -1.3913509670621582 -0.24915844175860155 1.7626838647061815 -0.75009362482431485 -3.1230289573452388 -0.50433712413423204 -1.7765014231743781 -0.16150471949801282 0.27267716624553023 0.62245702547623316 -0.8379443988975982 0.63169260451684639 -0.18229202052352353 -2.9581085650710066 -1.3419735795355787 -1.6549315542055509 -0.18215874617813951 2.9357158589260091 -1.4558352112585824 1.5503024942451147
decision_type=2 2 2 2 2 2 2 2 2 2 2 2 2 2 2 2 2 2 2 2 2 2 2 2 2 2 2 2 2 2 2 2 2 2 2 2 2 2 2 2 2 2 2 2 2 2 2 2 2 2 2 2 2 2 2 2 2 2 2 2 2 2 2
left_child=1 2 -1 -3 5 -2 11 -8 -9 10 -7 12 13 -6 16 -16 18 -18 23 -20 26 22 -22 24 51 -5 27 28 -13 46 -31 32 33 36 -34 -36 -28 -15 -37 52 41 42 -41 44 -43 -45 47 -29 -19 -48 -21 -14 -25 54 -54 -11 57 58 59 -33 -58 -62 -63
right_child=4 3 -4 25 6 9 7 8 -10 55 -12 20 14 37 15 -17 17 48 19 50 21 -23 -24 39 -26 -27 31 29 -30 30 -32 56 34 -35 35 38 -38 -39 -40 40 -42 43 -44 45 -46 -47 49 -49 -50 -51 -52 -53 53 -55 -56 -57 60 -59 -60 -61 61 62 -64
leaf_value=-77704.821923476644 -1132.1310514432503 -748.70197433311296 -8987.2906665752726 -122.43038910857769 -2606.9394894422435 -0.050005648103343951 -1445.4518416131336 -342.60797805672007 -1.1516424106890271 -43.197472189401509 -540.03007212187379 -601.5918805517216 -0.050008966388896764 -0.050005322102232325 -19.53956081967539 -1051.4006240201475 -981.52104115576549 -99.727515691942287 -491.43706686578207 -0.050005712637230665 -1093.4802748056829 -1.2499245422781582 -25.587298828880506 -0.84835101672517887 -358.42057609562477 -3.5394163691881668 -109.31759062221109 -0.050044323116271633 -0.050035751127428113 -441.5725616536572 -0.050021916743323395 -640.78109006004081 -0.38023555025911981 -488.40541812538635 -188.14768602439528 -0.050024577902809175 -0.050024956220200437 -147.77223129841192 -88.055507246489995 -0.05000439073355234 -128.63425128315978 -154.4050644836168 -194.59773328598953 -5.6035969378804538 -0.050003915854623576 -78.349759247093118 -71.949792917270443 -108.49426185960624 -0.050006674401966322 -0.41053847369263158 -99.636086940210447 -84.374992277101398 -285.70463194946814 -5.7703659538681737 -0.050006564919690015 -0.050049699640464795 -0.020055731843429125 -0.63706407393538866 -13.893406042600866 -149.81550643684236 -0.83971948016133213 -21.60651050143208 -396.5297412240493
leaf_weight=0.0011170485106378946 0.0015899922167630217 0.0010018006100835841 0.001062617589568049 0.0012256866141695235 0.0010548747141748719 0.0010771872246165353 0.0011415510584261634 0.0029192146292723519 0.045388351666031737 0.0034764384676009277 0.0010185561234633315 0.0010805565248314334 0.0042426510205078203 0.0014292966725559797 0.0025654769380598621 0.0011413889733375981 0.0011207666481848171 0.0010032353349660591 0.001017527801816233 0.0022584949676101038 0.0010974636830100729 0.041670568291695145 0.0019579223460616507 0.86112157047709459 0.0011161630765813384 0.057316995551038433 0.0018303693194073409 0.00218388141817627 0.0039394010337021378 0.001132444993289169 0.0039044958574844936 0.0010144661657186345 0.15367910900794865 0.0015357668004021092 0.0015949161347721267 0.0056563472766179524 0.0053398203705969744 0.0010154193005505983 0.0022725855893100571 0.0011075753910523289 0.0015553970135207948 0.0012957139072087287 0.0010280253590926177 0.081023740194641425 0.0019282421890238757 0.0019154109834107749 0.0013908250407972935 0.0018442656357517953 0.0031578739486612974 0.13981325524154903 0.0010041563584535862 0.0011858880923028003 0.0010502192950706929 0.026222129625538909 0.0015272493850734133 0.034811744678037576 277.76798379882297 0.17034591303175875 0.0072236680731782299 0.0010015658668196164 0.57097642705123297 0.02087539097453665 0.0021438675636773095
leaf_count=5905 138 32 602 32 742 62 269 39 1052 20 112 125 66 37 21 119 43 126 117 124 181 128 32 2914 33 646 41 5 29 72 23 61 251 97 42 43 37 50 33 30 89 28 52 1239 32 42 11 38 107 361 90 24 26 334 23 201 163085 517 37 31 1248 155 90
internal_value=-0.443373 -1578.85 -44204.1 -18.5236 -0.095434 -59.6108 -0.0865112 -54.6516 -21.7858 -17.3837 -262.487 -0.0768719 -8.81031 -828.702 -5.93985 -337.262 -4.7066 -227.242 -3.52004 -140.231 -0.0454628 -29.1159 -409.164 -2.92678 -76.4477 -6.02859 -0.0408004 -9.71203 -129.533 -5.70923 -99.3166 -0.0354119 -8.77992 -109.171 -3.42464 -52.5498 -27.9433 -61.4068 -25.2741 -2.43568 -13.4044 -11.3746 -93.7005 -9.33413 -62.0856 -7.28361 -2.46274 -49.7007 -24.0821 -1.11518 -30.6999 -18.4712 -1.32818 -15.6752 -116.443 -3.96769 -0.030015 -5.6184 -97.4558 -396.869 -0.0264097 -2.99768 -56.5245
internal_weight=280.07 0.0617241 0.00217967 0.0595445 280.008 0.0419739 279.966 0.0494491 0.0483076 0.0403839 0.00209574 279.917 1.00309 0.00349959 0.999589 0.00370687 0.995882 0.00528188 0.9906 0.00428018 278.913 0.044726 0.00305539 0.98632 0.0065447 0.0585427 278.869 0.155289 0.00501996 0.150269 0.00503694 278.713 0.171909 0.00870596 0.163203 0.00952385 0.00717019 0.00244472 0.00792893 0.979775 0.0898541 0.0882987 0.0021356 0.0861631 0.00322396 0.0829392 0.145232 0.00402815 0.00416111 0.141204 0.00326265 0.00542854 0.889921 0.0287996 0.00257747 0.0382882 278.542 0.179586 0.0092397 0.00201603 278.362 0.593996 0.0230193
internal_count=182391 7217 6507 710 175174 533 174641 1360 1091 395 174 173281 6508 829 5679 140 5539 276 5263 331 166773 341 213 4932 123 678 166432 664 154 510 95 165768 544 175 369 118 78 87 76 4809 1512 1423 82 1341 60 1281 415 43 233 372 214 90 3297 383 49 221 165224 646 129 92 164578 1493 245
is_linear=0
shrinkage=0.05


Tree=13
num_leaves=64
num_cat=0
split_feature=11 4 13 10 4 12 3 7 12 2 16 4 10 0 24 10 7 27 1 11 29 15 1 28 28 15 4 10 28 1 13 13 3 10 5 7 12 13 6 7 18 19 19 21 1 19 4 20 12 9 16 28 29 7 21 12 15 1 4 9 21 9 12
split_gain=4.19077e+07 4.56611e+09 1.02892e+10 3.49978e+07 1.33413e+09 3.79012e+09 1.64465e+08 1.20502e+07 9.71436e+08 1.99435e+09 9.10899e+06 1.19871e+09 1.47265e+10 7.3762e+06 5.04341e+07 598890 4.04111e+07 2.59654e+08 549404 241203 1.02671e+06 216185 189650 140228 423228 115668 1.9656e+07 3.11358e+08 95640.2 163693 45522.9 1.05221e+06 1.285e+07 3.14538e+07 43688.7 466962 910755 35313.5 103206 20708.6 35722.3 42625.7 15505.3 68649.1 14684.7 13171.4 11120 32799.3 34515.9 10324.7 19931.5 9404.39 248986 237692 47009.6 79660.3 20597.7 30672.5 9333.95 8675.62 11008.8 9507.03 8366.7
threshold=2.0300353667247912 1.1110227583967942 0.96624261902750919 -2.0396497268587956 0.13152284617323498 -0.5719196330776577 -1.9027060334496173 -2.204694546773998 -1.0526820911533814 1.0525282895321009 1.6806853532100636 1.856432544721426 0.62381508008941433 1.5145075714771943 0.76430688087323395 -1.7299889085129834 1.7473681353687631 -0.74515928343854831 -0.57669477681515613 2.1712704614417206 -0.32375013393902324 0.90757353652540884 0.52560179343108682 -0.83200324889590738 -1.0135207695451123 -1.9483355504076185 2.2099871724741109 0.21930990310051654 -1.0135207695451123 -1.608153222381681 1.3614518273255878 1.3882676466133097 -1.2642395233754395 -0.57848124789219779 -2.4610708040902822 2.0093400829126247 0.30170999659979009 -1.2938595512426994 1.1045896151697556 1.5972864210854871 0.54850768326241373 0.85156965361814074 -1.748060672811645 -0.18297179773782346 -0.41537962077803808 0.61884131480223559 -0.018265014146822304 0.37608020486571664 -1.4781689938869251 1.1492470458343764 -0.54133810734991938 -1.0875774605404787 0.62245702547623316 1.7473681353687631 0.39967243105208122 0.065195969591132608 -0.92245382615450289 -0.36940618243386597 -0.53910899830201486 0.1522121976219436 0.26756697671931334 3.7096317024010017 -0.61778723749599729
decision_type=2 2 2 2 2 2 2 2 2 2 2 2 2 2 2 2 2 2 2 2 2 2 2 2 2 2 2 2 2 2 2 2 2 2 2 2 2 2 2 2 2 2 2 2 2 2 2 2 2 2 2 2 2 2 2 2 2 2 2 2 2 2 2
left_child=3 19 -3 4 6 -6 -1 8 9 -5 15 13 -13 -12 -15 16 46 -18 -7 -2 -21 45 -4 24 -10 26 42 -28 29 -8 34 32 33 -32 35 -27 -37 38 -25 -30 -41 -42 43 -17 -14 -22 -9 48 -48 -39 -51 52 54 58 56 -56 57 -36 -54 -58 61 62 -61
right_child=1 2 22 7 5 18 28 10 23 -11 11 12 44 14 -16 25 17 -19 -20 20 21 -23 -24 37 -26 30 27 -29 39 -31 31 -33 -34 -35 51 36 -38 49 -40 40 41 -43 -44 -45 -46 -47 47 -49 -50 50 -52 -53 53 -55 55 -57 59 -59 -60 60 -62 -63 -64
leaf_value=14866.967390072656 -0.19408510632928677 185383.31701260031 -893.50070698061518 -482.59419555354907 112609.02689785215 -1457.345189749886 -776.18468003135922 -0.88805003767495416 -1102.7936272662134 86118.068246298455 -0.50041326376027551 197548.62287424889 -199.71332615335524 -1.3502714086958258 5018.8459103661671 -384.60411317180751 26223.073088555611 -21.991045976564692 -0.050029586448277298 -1719.9869640758902 -9.7120331720833661 -788.01109049918841 -0.050024896048751703 -0.050011324828825414 -0.05001170025005891 -1.1745033600943038 28729.595064419726 -6.4288811891577886 -2.2557072012496442 -23.596270594095653 3932.334999176328 -0.30727499348155873 -0.4105490947367777 -0.05002628265694764 -44.353418015130586 -1651.0772350302916 -37.595012070924717 -2.4502254111158592 -588.12183798833519 -11.579613469444729 -498.06826747937822 -46.096053250952373 -1.1369039752224641 -6.6961260944266217 -0.050002492178198854 -199.5007709181659 -0.050026530867016743 -8.7512245804081346 -358.46014253415251 -253.31123097901255 -22.522659519148359 -0.031455181123336409 -42.090289887454347 -1034.2772517072856 -401.67353621055946 -12.896535567766154 -0.51721625119712888 -341.76901794667111 -249.14145076964769 -90.572110744174324 -183.91657060481714 -154.40927747512046 -6.0366290370362794
leaf_weight=0.0018742387620456205 0.35024947218334146 0.0010837023012957151 0.0011192559462364781 0.0019687316326934979 0.001016857290437656 0.0010636143045801767 0.0010951707760751724 0.4773143008570529 0.0011788774259348365 0.0010037727526707842 2.2186446857758146 0.0010207630278326356 0.0010016862513857186 0.038454368439407971 0.0057511334307491771 0.0014302278949704927 0.0010930940641699916 0.0068365090047345645 0.001650159465043551 0.0010465499830512566 0.010349806298063282 0.0010152785590889874 0.0012655307564273244 0.0027760911169387803 0.0033218318848124155 0.044465870952042526 0.0010029480052314013 0.015676735474174336 0.20401880326914601 0.0021234801355072925 0.0073401612462475887 6.0656772565479491 0.27737595951824179 0.016552030014015173 0.0056429056924754833 0.0013022195917216269 0.0026634719328289284 0.20852948101457366 0.0010202835303325854 0.0043366690149468983 0.0010039792754941643 0.0010858700331937143 2.2059054565260601 0.0075214661428176788 0.011417470717788092 0.0010027537103525211 0.001194707202523783 0.011492669676396249 0.0015345548878958788 0.0011845477099325513 0.0044498535528244973 266.09824673073274 0.0011893352819889453 0.0011119413116839039 0.0019919151407750938 0.0038921007362913451 0.6559169851229123 0.0010242333118235655 0.0010036474648513777 0.0033141074453511823 0.0010877453213015203 0.0012956785454889532 0.025055486824254534
leaf_count=116 633 393 173 53 107 166 66 1073 437 23 5050 261 77 110 23 67 52 68 11 619 687 180 40 69 58 163 66 636 650 26 16 11612 598 36 429 269 71 845 48 27 32 10 5105 220 343 111 9 63 63 45 112 144891 143 209 262 424 1662 86 384 406 69 144 1494
internal_value=2.55448 536.405 57633.2 1.85116 633.29 30278.3 120.181 1.35392 366.766 28761.2 1.05785 100.669 14988.9 12.242 651.777 0.236153 54.9374 3595.89 -571.21 -8.16317 -216.236 -88.9904 -419.375 -12.6388 -288.893 0.136964 11.4742 1721.47 -9.17651 -279.67 0.0443651 4.22266 95.4275 1208.06 -0.0553278 -47.5397 -567.416 -6.93436 -158.096 -5.03945 -93.4132 -263.227 -1.4034 -67.0751 -16.1542 -26.4758 -2.18619 -45.7541 -201.57 -4.25481 -71.0425 -0.0467081 -5.8241 -438.789 -3.77765 -144.509 -2.58333 -90.0436 -136.85 -1.73415 -27.6895 -21.9611 -15.912
internal_weight=279.035 0.367132 0.00346849 278.668 0.219269 0.00373063 0.215538 278.449 0.225433 0.0029725 278.223 2.27629 0.0134399 2.26285 0.0442055 275.947 0.499466 0.0079296 0.00271377 0.363664 0.0134144 0.0123678 0.00238479 0.222461 0.00450071 275.448 2.23154 0.0166797 0.213664 0.00321865 273.216 6.36695 0.301268 0.0238922 266.849 0.0484316 0.00396569 0.21796 0.00379637 0.210445 0.00642652 0.00208985 2.21486 0.00895169 0.0124192 0.0113526 0.491536 0.0142219 0.00272926 0.214164 0.0056344 266.801 0.702526 0.00330492 0.699221 0.00588402 0.693337 0.00666714 0.00219298 0.68667 0.030753 0.0296653 0.0283696
internal_count=182391 2836 606 179555 1211 284 927 178344 1690 76 176654 5864 681 5183 133 170790 1328 120 177 2230 1597 978 213 1614 495 169462 6094 702 811 92 163368 12262 650 52 151106 503 340 1119 117 719 69 42 5392 287 420 798 1208 135 72 1002 157 150603 5712 736 4976 686 4290 515 527 3775 2113 2044 1900
is_linear=0
shrinkage=0.05


Tree=14
num_leaves=64
num_cat=0
split_feature=14 12 7 10 23 10 1 29 27 2 29 23 7 1 7 11 4 4 13 27 2 8 2 4 7 29 7 2 10 4 4 29 19 28 29 0 2 26 4 22 16 13 26 15 6 19 11 0 0 29 17 10 29 15 4 16 4 10 0 24 7 4 26
split_gain=8.51241e+07 3.74683e+09 1.20074e+06 6.47379e+06 1.31852e+06 717950 6.52428e+06 447378 327863 146956 107841 1.45614e+06 2.03975e+06 457362 501548 56201 1.34586e+06 3.53195e+06 122573 56070 109175 50439.9 44354.5 26547.1 69093.7 21088.1 546265 825026 42880.5 20721.7 62549.8 14733.4 30337 13260.6 601611 436418 209271 49377.1 21191.1 61846.1 11461.5 11189.4 72227.6 8787.15 34877.2 176272 15068.8 30265.9 7913.53 6485.71 3526.98 3453.77 3407.77 3083.19 14656.7 2069.73 81683.7 685444 21877.8 45987.8 1781.37 1643.64 1165.42
threshold=-1.6729029325115261 0.51894296853944566 -2.204694546773998 -1.6208118545843138 1.3647306565726158 -2.0396497268587956 -1.7029425121487354 1.6351521539831173 1.0377446416642742 0.84242546872423685 4.4289032271730493 -0.94777515400194046 0.68028903112302619 -1.608153222381681 -0.72680004762565897 2.0300353667247912 1.0830223078930781 1.1110227583967942 -0.83955987732717074 0.10346628871703027 -0.093532102002261461 -0.75009362482431485 -2.3701492328113805 1.1408388898211033 1.3495005010759222 2.9357158589260091 1.7473681353687631 -1.7010696239282204 -0.6737559146768104 0.9974895214549403 1.4273629423249505 -0.34811974948490482 -0.54172142126450684 -1.0875774605404787 0.27436239425416847 -0.4274229458342616 -1.4558352112585824 -1.2339901519684839 0.080384992889657739 1.0012624470052409 -0.76611496557521785 -0.22269334353340287 -0.31921893244332794 -2.9581085650710066 0.6949248025309005 -0.8353439879257567 -0.47227520206744267 -0.5967277676083439 -1.3052179079801103 0.35608635866253402 2.0380892332405538 0.38837807771170102 -0.34377230579505036 -1.9483355504076185 1.9281192676657557 1.7339073796395652 1.856432544721426 1.0852937360880806 1.5278055807993749 0.015748471951304754 1.5972864210854871 1.331753215701952 2.3619723471787775
decision_type=2 2 2 2 2 2 2 2 2 2 2 2 2 2 2 2 2 2 2 2 2 2 2 2 2 2 2 2 2 2 2 2 2 2 2 2 2 2 2 2 2 2 2 2 2 2 2 2 2 2 2 2 2 2 2 2 2 2 2 2 2 2 2
left_child=1 -1 3 -2 8 6 -4 9 22 50 15 13 -13 14 -12 25 18 -18 19 20 -17 -15 -5 -23 -25 33 29 28 -28 -27 -31 32 -20 34 36 -36 -7 -38 39 40 -39 -40 51 44 46 -46 47 -35 -34 -47 -8 -43 -24 54 60 61 58 -58 -57 -60 62 -55 -45
right_child=2 -3 5 4 -6 10 7 -9 -10 -11 11 12 -14 21 -16 16 17 -19 31 -21 -22 23 52 24 -26 26 27 -29 -30 30 -32 -33 48 43 35 -37 37 38 41 -41 -42 42 -44 53 45 49 -48 -49 -50 -51 -52 -53 -54 55 -56 56 57 -59 59 -61 -62 -63 -64
leaf_value=97671.24027734148 -3859.9597562008439 -264.94727783503487 -4115.1763927869961 -341.93369078673231 -1541.3740388593799 -660.92817994467987 -0.050003778527470157 -1110.9297268770808 -830.88225752412825 -459.52779476848696 -0.050012086206227019 -0.050011147521684785 -2982.7423169920562 -266.00097243091335 -1484.6341374229453 -116.02858905457798 -0.05002226707335701 -3198.1531983673085 -269.64318843072266 -94.092678497335456 -684.62093600168714 -0.051641000979774511 -90.037791769852305 -482.07999838541082 -14.997799636631539 -0.86608713828134265 -395.94959028545952 -1632.0823807556817 -0.050008640642272853 -11.454619870002253 -420.19292970023656 -0.2397880181482929 -105.60735194180843 -329.66700176008749 -225.97996226347334 -1537.9187297101992 -252.04117502706364 -169.54695571329083 -0.33147526357552404 -409.57021994773572 -0.050000978723450162 -99.178843919331044 -378.55417054048633 -0.23281693611528467 -724.54899091147581 -0.050004103991489052 -1.2675712569748852 -17.398542762517096 -0.050017574830290581 -130.87647351072457 -93.359085134696272 -3.4693750832848291 -0.050226145658384229 -0.20543854944917675 -21.571086531150549 -0.35949534613983347 -1372.8764425167428 -0.050002619469698195 -0.050007757734079838 -262.25585189565322 -30.829472104057771 0.066044542550993221 -15.245171558568927
leaf_weight=0.0010039527538307632 0.0012435523910198252 0.035849281466072844 0.0010570756735564712 0.0010237399877124969 0.0016219821036214587 0.0012105105377099292 0.018404265908876689 0.001035215584267171 0.0013239736448502236 0.0019587454184137451 0.0011654968974199086 0.0013326467426390308 0.001005802708266829 0.0018800458130627104 0.0011114223624891315 0.002155570691684261 0.0030520559843827391 0.0012038385848427424 0.0014837170874670855 0.0069117569364607334 0.0013877305821665686 0.1093881783858226 0.0011112619056041521 0.0010372798434876125 0.0033449887636955184 0.18403212546453207 0.0010103572190368016 0.0012867391836460951 0.0021171784184594467 0.0043841918759139533 0.0011900712024961535 0.26517030708061273 0.0023683812391759327 0.0010618384441687112 0.0015491526667845415 0.0010729134220445469 0.0019841913618331422 0.0011799622008885477 0.69198396618326719 0.0012209409374943098 0.0064453832327609614 0.0010087881273648071 0.0014530260277265559 0.7262665822882437 0.0010351981341313937 0.0054522501826683653 0.077038814442702719 0.0028820871536039674 0.007093433574482332 0.0011465569662441055 0.0010717072491388526 0.01436438867426329 0.019751613979681549 78.550769329935804 0.094821119635243867 1.1315192057970191 0.0010197938779582536 0.0083875946384068811 0.0051385544861660684 0.0024789683880601654 0.0048732480105522216 192.08823530775936 0.013162083232304278
leaf_count=6131 375 1086 220 149 533 452 432 110 322 57 10 11 296 103 188 10 12 188 56 32 44 366 115 77 80 702 44 270 46 73 111 1527 29 24 569 694 421 357 547 461 1496 202 414 3994 103 112 284 75 51 30 12 216 442 144317 776 3459 81 253 39 31 39 8526 109
internal_value=0.157128 2403.02 -0.16595 -339.441 -163.142 -0.133669 -276.328 -95.7334 -66.8301 -46.7033 -0.109958 -47.4465 -1282.95 -22.947 -724.713 -0.0891745 -22.0573 -904.678 -8.94946 -176.998 -338.717 -9.13063 -20.6107 -4.88588 -125.556 -0.065826 -16.544 -566.394 -127.946 -3.74284 -98.7178 -2.58635 -59.435 -0.0541337 -6.81441 -762.807 -4.06452 -2.9596 -2.27094 -79.1793 -26.2783 -1.31109 -41.5979 -0.0361997 -15.7784 -117.944 -6.1476 -101.472 -26.472 -22.7814 -5.18454 -9.74983 -4.84342 -0.0310827 -3.05722 -0.0217398 -2.13978 -148.869 -0.928033 -85.3796 -0.698621 -0.0127512 -0.500042
internal_weight=274.13 0.0368532 274.093 0.0260761 0.0248326 274.067 0.023527 0.0224699 0.0232106 0.0214347 274.044 0.120266 0.00233845 0.117927 0.00227692 273.924 0.290827 0.00425589 0.286571 0.0104551 0.0035433 0.11565 0.0218866 0.11377 0.00438227 273.633 0.194021 0.00441427 0.00312754 0.189606 0.00557426 0.276116 0.0109455 273.439 0.723473 0.00262207 0.720851 0.719641 0.717656 0.00884629 0.00762535 0.70881 0.0168262 272.715 0.0886167 0.00763401 0.0809827 0.00394393 0.00946181 0.00659881 0.019476 0.0153732 0.0208629 272.627 0.839123 271.788 1.14854 0.00940739 1.13914 0.00761752 0.744302 270.639 0.739429
internal_count=182391 7217 175174 1936 1561 173238 831 611 1028 501 172407 1131 307 824 198 171276 1949 200 1749 86 54 626 706 523 157 169327 1246 360 90 886 184 1663 136 168081 5829 1263 4566 4114 3693 2314 1853 1379 832 162252 628 245 383 99 80 142 444 418 557 161624 4918 156706 3863 334 3529 70 4142 152843 4103
is_linear=0
shrinkage=0.05


Tree=15
num_leaves=64
num_cat=0
split_feature=14 14 17 15 14 29 9 15 10 1 9 24 28 1 7 29 4 4 23 7 11 4 9 13 13 2 18 29 24 7 2 23 9 26 12 5 2 15 4 19 20 2 5 28 8 9 6 25 19 19 8 20 0 0 5 27 7 17 16 4 10 0 24
split_gain=8.64131e+07 7.72598e+08 3.58265e+06 4.53233e+07 1.3174e+08 1.87449e+06 1.02711e+08 1.12683e+08 537686 1.53952e+07 856186 492503 122738 5.78373e+06 121522 78220 1.98927e+06 1.60421e+06 701353 1.04458e+06 63219.2 1.60298e+06 1.27722e+06 305662 494808 26016.1 24848.5 19874.2 74511.9 15636 205348 55150.2 186765 23691.6 17184.4 10982.7 15130.8 9977.89 1.38446e+06 13326.5 22347 6899.11 6865.11 5412.22 471182 61918.9 15605.6 4033.36 5542.44 3297.88 14656 34934.8 3183.03 2486.99 3127 8191.77 2269.85 2856.98 2191.21 82904.2 240369 12784.6 26439.7
threshold=-1.6032975923069068 -1.6729029325115261 -1.9056523695501599 -1.0753286555827379 -0.53821344588925502 -0.35166949708487777 -1.3923536426279908 -2.0171021426551117 -1.854814981198968 -1.7029425121487354 -0.43698993404046932 0.99282758790466419 -2.0791071564234715 -0.38164619656020943 1.2468389216889857 2.9357158589260091 1.036305090010212 1.0830223078930781 -0.17985430267659389 1.7473681353687631 2.0300353667247912 1.0830223078930781 1.6635836952143417 -0.62932217554670122 -0.73655340778872069 0.84242546872423685 -0.15302934632817047 -0.34776078624445816 0.19246715716805021 -1.8795104107293916 -3.3644505120875494 1.8120585641708009 0.70340848808042289 2.1892078568739866 -1.6974409555059868 1.8932266562309836 -0.16327887840673927 -1.9483355504076185 1.7876397073441408 -1.6549315542055509 -0.35271363388394472 -1.7010696239282204 -0.49408422708417626 -1.0875774605404787 -0.48218957293281867 -0.6199323690681956 -0.26850709764782393 -0.99926985686079417 -0.049360037335617217 -0.7842505971600352 0.23319556041640568 -0.17345335801924153 -0.53928205196161549 -0.97821111975502018 -2.4610708040902822 0.60080775336170267 1.4177714223717293 -0.54744912134035606 1.8437017516158438 1.331753215701952 1.2378814902757804 1.5024625020673963 -0.38279091136819637
decision_type=2 2 2 2 2 2 2 2 2 2 2 2 2 2 2 2 2 2 2 2 2 2 2 2 2 2 2 2 2 2 2 2 2 2 2 2 2 2 2 2 2 2 2 2 2 2 2 2 2 2 2 2 2 2 2 2 2 2 2 2 2 2 2
left_child=1 -1 3 4 -2 6 7 -4 9 -7 11 -11 13 -10 25 20 18 -18 41 -20 29 23 -23 24 -22 47 -27 28 -25 30 -14 33 -33 34 -32 -8 -37 38 39 40 -31 -17 -5 44 -39 -46 -47 48 -12 50 51 -3 -53 -45 55 -55 -41 -58 -56 61 -61 -60 -63
right_child=2 49 5 42 -6 8 35 -9 12 10 14 -13 15 -15 -16 16 17 -19 19 -21 21 22 -24 27 -26 26 -28 -29 -30 37 31 32 -34 -35 -36 36 -38 43 -40 56 -42 -43 -44 53 45 46 -48 -49 -50 -51 -52 52 -54 54 58 -57 57 -59 59 60 -62 62 -64
leaf_value=-8621.6544041670259 15700.54887136166 -291.93677868416023 18817.210439369373 -62.070576278253213 -10.230444279470218 -5088.9596023821696 -0.66577671955373585 -124.38579234134775 -3834.6532045687645 -1838.0261921413153 -124.17256789695813 -287.65624191928219 -665.70108945262848 -6.9617840594700979 -403.07110444310831 -1.1497487177544918 -144.88858039643415 -2893.8711839993289 -0.050004610165523239 -1874.6530556842508 -1155.5116750281038 -2354.018630137522 -151.91896443087316 -472.59356175095394 -49.375443898947616 -0.050008693527432146 -328.75308995136106 -0.29712277166283879 -16.9785840651314 -299.79134949210794 -128.39924662522876 -0.050020519579619484 -771.83088754194114 -141.32746034625291 -1.9550858361812555 -189.86962577468285 -0.0500178115228926 -951.42496383390971 -1290.6688224201614 -0.67254745289746731 -0.050007069697011977 -72.531032928850635 -0.68950020611299268 0.07974884162827009 -390.78219676277001 -157.76134810069334 -0.47657507635159135 -1.2057454124054354 -0.050013218464672521 -1.1904673821102161 -2.8109044570035442 -78.120546164206843 -0.05000941710867373 -0.050015000265342814 -0.24118966534727498 -113.67193271259588 -0.050006496022308888 -87.034719154220682 -0.5692147965616593 -856.21076400025106 -0.050001530655137343 -0.050006907092690504 -247.24968510766212
leaf_weight=0.028892193997485938 0.0018320536916314112 0.0015416937195653572 0.001533928934887927 0.0048371126443627474 0.0049113967454287658 0.0015327448565800169 0.16240142050457082 0.0016085474684368675 0.0010040152254400378 0.001006541878084021 0.0016113106199027232 0.0010430928377900273 0.0012018308494370902 0.057899085994484664 0.0019850077467257745 0.1820395128693236 0.001035635732114138 0.0010885261419555244 0.0018249376549599094 0.0012535987308702281 0.0015145461433121454 0.0013169249535611707 0.0013169249535611716 0.0010581035312497702 0.0030410279287025046 0.0010899046246777289 0.0012169037185980605 0.20317122879463451 0.0059071749783470295 0.0010008629350919725 0.0027269349126015632 0.0032155551380128591 0.0010365636553615332 0.003185221908408308 0.18372855704000118 0.0018438558836726404 0.0024378654597967389 0.0013138873049510216 0.0020918972769135005 0.47671380095750526 0.0016419199452844197 0.0034491828193872745 0.078192395800357126 335.06332149950401 0.0010237190694430401 0.0015851744631651945 0.3080398859254484 0.086000223585278451 0.0020355232052603547 0.21776115986607938 0.035090740788408341 0.0019213394333214588 0.0040738460407593133 0.0056851099573336219 59.541076463915985 0.0022002796013812507 0.0020857157751380186 0.0017244409664272987 0.38520574513892469 0.001109604692359766 0.0031388498587148206 0.0032628128901706077 0.0016181250975932917
leaf_count=7173 13 29 10 20 53 419 1008 77 1882 132 26 33 243 117 120 1074 24 609 42 356 88 164 16 64 19 21 50 1461 68 123 35 111 95 24 1362 34 16 1058 929 4199 87 81 153 31010 734 845 1213 806 23 591 42 23 33 38 121212 30 31 40 1714 115 120 26 28
internal_value=-0.551247 -864.408 0.0784983 315.906 4258.06 0.00703265 166.087 9121.53 -0.06409 -117.454 -38.0691 -1049.02 -0.0352149 -72.2056 -16.0114 -0.0244909 -32.0399 -1553.6 -14.8999 -763.4 -0.00908248 -26.9691 -1252.97 -11.9284 -417.121 -7.65593 -173.45 -3.14422 -86.1916 0.00571327 -14.1458 -10.1072 -188.192 -6.1142 -3.80435 -2.74975 -81.7928 0.0126887 -7.15264 -1.59559 -113.567 -2.47709 -4.26542 0.0214842 -6.56168 -2.56539 -1.28182 -3.3897 -54.8921 -3.68008 -16.3981 -79.6586 -25.0701 0.0266834 -0.269935 -31.7542 -0.97977 -39.4185 -0.265793 -3.98068 -223.661 -1.58813 -82.0015
internal_weight=397.112 0.289281 396.823 0.089773 0.00674345 396.733 0.169826 0.00314248 396.563 0.0975213 0.0959885 0.00204963 396.466 0.0589031 0.0939389 396.407 0.190691 0.00212416 0.188567 0.00307854 396.216 0.217326 0.00263385 0.214692 0.00455557 0.0919539 0.00230681 0.210137 0.00696528 395.999 0.195095 0.193893 0.00425212 0.189641 0.186455 0.166683 0.00428172 395.804 0.485259 0.483167 0.00264278 0.185489 0.0830295 395.319 0.311963 0.310649 0.309625 0.0896471 0.00364683 0.260389 0.0426276 0.00753688 0.00599519 395.007 59.9433 0.00788539 0.480524 0.00381016 59.9354 0.394335 0.00424845 0.390087 0.00488094
internal_count=182392 7891 174501 239 66 174262 1145 87 173117 1630 1211 165 171487 1999 1046 169488 2186 633 1553 398 167302 1880 180 1700 107 926 71 1593 132 165422 1870 1627 206 1421 1397 1058 50 163552 5409 4480 210 1155 173 158143 3850 2792 2058 855 49 718 127 85 56 154293 123283 68 4270 71 123215 2003 235 1768 54
is_linear=0
shrinkage=0.05


end of trees

feature_importances:
Column_4=63
Column_29=61
Column_13=60
Column_14=59
Column_10=51
Column_1=47
Column_3=44
Column_12=42
Column_11=38
Column_15=38
Column_9=37
Column_7=36
Column_5=33
Column_17=33
Column_26=33
Column_23=32
Column_2=31
Column_19=28
Column_0=27
Column_8=27
Column_16=27
Column_22=26
Column_21=23
Column_28=23
Column_6=20
Column_24=16
Column_18=14
Column_20=14
Column_27=14
Column_25=11

parameters:
[boosting: gbdt]
[objective: binary]
[metric: auc]
[tree_learner: serial]
[device_type: cpu]
[data_sample_strategy: bagging]
[data: ]
[valid: ]
[num_iterations: 500]
[learning_rate: 0.05]
[num_leaves: 64]
[num_threads: 0]
[seed: 0]
[deterministic: 0]
[force_col_wise: 0]
[force_row_wise: 0]
[histogram_pool_size: -1]
[max_depth: -1]
[min_data_in_leaf: 20]
[min_sum_hessian_in_leaf: 0.001]
[bagging_fraction: 0.8]
[pos_bagging_fraction: 1]
[neg_bagging_fraction: 1]
[bagging_freq: 5]
[bagging_seed: 3]
[bagging_by_query: 0]
[feature_fraction: 0.9]
[feature_fraction_bynode: 1]
[feature_fraction_seed: 2]
[extra_trees: 0]
[extra_seed: 6]
[early_stopping_round: 0]
[early_stopping_min_delta: 0]
[first_metric_only: 0]
[max_delta_step: 0]
[lambda_l1: 0]
[lambda_l2: 0]
[linear_lambda: 0]
[min_gain_to_split: 0]
[drop_rate: 0.1]
[max_drop: 50]
[skip_drop: 0.5]
[xgboost_dart_mode: 0]
[uniform_drop: 0]
[drop_seed: 4]
[top_rate: 0.2]
[other_rate: 0.1]
[min_data_per_group: 100]
[max_cat_threshold: 32]
[cat_l2: 10]
[cat_smooth: 10]
[max_cat_to_onehot: 4]
[top_k: 20]
[monotone_constraints: ]
[monotone_constraints_method: basic]
[monotone_penalty: 0]
[feature_contri: ]
[forcedsplits_filename: ]
[refit_decay_rate: 0.9]
[cegb_tradeoff: 1]
[cegb_penalty_split: 0]
[cegb_penalty_feature_lazy: ]
[cegb_penalty_feature_coupled: ]
[path_smooth: 0]
[interaction_constraints: ]
[verbosity: -1]
[saved_feature_importance_type: 0]
[use_quantized_grad: 0]
[num_grad_quant_bins: 4]
[quant_train_renew_leaf: 0]
[stochastic_rounding: 1]
[linear_tree: 0]
[max_bin: 255]
[max_bin_by_feature: ]
[min_data_in_bin: 3]
[bin_construct_sample_cnt: 200000]
[data_random_seed: 1]
[is_enable_sparse: 1]
[enable_bundle: 1]
[use_missing: 1]
[zero_as_missing: 0]
[feature_pre_filter: 1]
[pre_partition: 0]
[two_round: 0]
[header: 0]
[label_column: ]
[weight_column: ]
[group_column: ]
[ignore_column: ]
[categorical_feature: ]
[forcedbins_filename: ]
[precise_float_parser: 0]
[parser_config_file: ]
[objective_seed: 5]
[num_class: 1]
[is_unbalance: 1]
[scale_pos_weight: 1]
[sigmoid: 1]
[boost_from_average: 1]
[reg_sqrt: 0]
[alpha: 0.9]
[fair_c: 1]
[poisson_max_delta_step: 0.7]
[tweedie_variance_power: 1.5]
[lambdarank_truncation_level: 30]
[lambdarank_norm: 1]
[label_gain: ]
[lambdarank_position_bias_regularization: 0]
[eval_at: ]
[multi_error_top_k: 1]
[auc_mu_weights: ]
[num_machines: 1]
[local_listen_port: 12400]
[time_out: 120]
[machine_list_filename: ]
[machines: ]
[gpu_platform_id: -1]
[gpu_device_id: -1]
[gpu_use_dp: 0]
[num_gpu: 1]

end of parameters

pandas_categorical:null
